scenario,profile,rank,feasible,backbone,model_id,family,params_b,method,quant_bits,pred_accuracy,pred_peak_vram_gb,pred_energy_kwh,pred_carbon_kgco2eq,pred_wall_clock_s,gei,on_pareto_front,confidence,scope,scope_reason
tight_vram_balanced,balanced,16,True,micro,HuggingFaceTB/SmolLM2-360M,llama,0.36,lora,16,0.9107404563361904,2.5295019726161323,0.0011071265600600979,0.0007196322640390636,98.12341210819865,0.653048097204481,True,LOW,OUT_OF_RANGE_SCALE,0.36B outside measured 0.5-3B
tight_vram_balanced,balanced,16,True,micro,HuggingFaceTB/SmolLM2-360M,llama,0.36,lora_fa,16,0.9030885802641668,2.243200293379207,0.0011172614218328122,0.0007262199241913279,94.54441015348732,0.6109785701945268,True,LOW,OUT_OF_RANGE_SCALE,0.36B outside measured 0.5-3B
tight_vram_balanced,balanced,16,True,tiny,Qwen/Qwen2.5-0.5B,qwen,0.5,lora,16,0.9195968500514811,4.640862864611314,0.0012634133837148359,0.0008212186994146434,110.36108732314942,0.6049077921042566,True,HIGH,MEASURED,"(lora, tiny) measured directly"
standard_balanced,balanced,16,True,medium_sl,HuggingFaceTB/SmolLM2-1.7B,llama,1.7,qlora,4,0.942136389530374,5.32900944145408,0.0035904144595720446,0.002333769398721829,197.7552668157347,0.7937781412974565,True,MEDIUM,INTERPOLATED_SCALE,1.7B between measured tiers
standard_balanced,balanced,16,True,large_phi,microsoft/phi-2,phi2,2.7,qlora,4,0.9498509898622058,6.950622682815097,0.005241179849642724,0.0034067669022677704,276.76796155767295,0.78599571987515,True,LOW,UNSEEN_FAMILY,"family ""phi2"" not in ['llama', 'qwen']; 2.7B between measured tiers"
standard_balanced,balanced,16,True,medium_q3,Qwen/Qwen3-1.7B,qwen,1.7,qlora,4,0.9424240839212914,5.9589413678876255,0.003680029449970204,0.0023920191424806328,219.9938510879903,0.7793835156925479,True,MEDIUM,INTERPOLATED_SCALE,1.7B between measured tiers
high_accuracy,high_accuracy,16,True,xl_mis,HuggingFaceH4/zephyr-7b-beta,mistral,7.2,qlora,4,0.9554457434626709,10.252632510223854,0.022245880817574358,0.014459822531423333,1069.363515488953,0.7219802425997675,True,LOW,OUT_OF_RANGE_SCALE,"7.2B outside measured 0.5-3B; family ""mistral"" not in ['llama', 'qwen']"
high_accuracy,high_accuracy,16,True,large_p3,microsoft/Phi-3-mini-4k-instruct,phi3,3.8,qlora,4,0.9538561086426773,7.996661966705803,0.007603237458566623,0.004942104348068305,382.3424873205793,0.697008578702841,True,LOW,OUT_OF_RANGE_SCALE,"3.8B outside measured 0.5-3B; family ""phi3"" not in ['llama', 'qwen']"
high_accuracy,high_accuracy,16,True,xl,Qwen/Qwen2.5-7B,qwen,7.6,qlora,4,0.955229785450335,10.783455722834542,0.025455115501604484,0.016545825076042915,1274.8552319978296,0.6381143694262001,False,LOW,OUT_OF_RANGE_SCALE,7.6B outside measured 0.5-3B
strict_carbon,strict_carbon,16,True,small,TinyLlama/TinyLlama-1.1B-Chat-v1.0,llama,1.1,qlora,4,0.933544424484009,4.1820686643375575,0.0028032616274984968,0.001822120057874023,169.09373773724815,0.8305940304742511,True,HIGH,MEASURED,"(qlora, small) measured directly"
strict_carbon,strict_carbon,16,True,medium_sl,HuggingFaceTB/SmolLM2-1.7B,llama,1.7,qlora,4,0.942136389530374,5.32900944145408,0.0035904144595720446,0.002333769398721829,197.7552668157347,0.8265101882339401,True,MEDIUM,INTERPOLATED_SCALE,1.7B between measured tiers
strict_carbon,strict_carbon,16,True,small_px,EleutherAI/pythia-1.4b,gpt_neox,1.4,qlora,4,0.9385868286571968,5.124071208099201,0.0032249239849262575,0.0020962005902020677,192.45988878960299,0.824177304858986,True,LOW,UNSEEN_FAMILY,"family ""gpt_neox"" not in ['llama', 'qwen']; 1.4B between measured tiers"
standard_balanced_measured_only,balanced,16,True,small,TinyLlama/TinyLlama-1.1B-Chat-v1.0,llama,1.1,lora,16,0.9399934035205302,8.906506719754102,0.001743511143163724,0.0011332822430564207,108.60114724492078,0.7244952771490492,True,HIGH,MEASURED,"(lora, small) measured directly"
standard_balanced_measured_only,balanced,16,True,tiny,Qwen/Qwen2.5-0.5B,qwen,0.5,lora,16,0.9195968500514811,4.640862864611314,0.0012634133837148359,0.0008212186994146434,110.36108732314942,0.7080529917609657,True,HIGH,MEASURED,"(lora, tiny) measured directly"
standard_balanced_measured_only,balanced,16,True,small,TinyLlama/TinyLlama-1.1B-Chat-v1.0,llama,1.1,qlora,4,0.933544424484009,4.1820686643375575,0.0028032616274984968,0.001822120057874023,169.09373773724815,0.700890426592231,True,HIGH,MEASURED,"(qlora, small) measured directly"
high_accuracy_measured_only,high_accuracy,16,True,large,Qwen/Qwen2.5-3B,qwen,3.0,qlora,4,0.951398702848525,7.5789881788865445,0.0058857145406643755,0.003825714451431844,318.5073744185296,1.0,True,HIGH,MEASURED,"(qlora, large) measured directly"
