config_id,method,backbone,family,params_b,log_params_b,quant_bits,rank,log1p_rank,is_adapter_method,adapter_capacity,trainable_param_pct,trainable_frac,trainable_params_b,weight_bytes_gb,optimizer_state_gb,gradient_gb,memory_proxy_gb,vram_pressure,params_x_bits,log_params_x_bits,is_quantized,is_full_finetune,gpu_total_gb,status,fits,accuracy,peak_gpu_memory_gb,wall_clock_seconds,energy_kwh,carbon_kgco2eq,accuracy_sd,vram_sd
full_ft_tiny_classification_seed13,full_ft,tiny,qwen,0.5,-0.3010299956639812,32,0.0,0.0,0.0,0.0,1.0,0.01,0.005,2.0,0.04,0.02,2.06,0.132051282051282,16.0,1.2041199826559248,0,1,15.6,ok,1,0.9117,11.146,135.91500000000002,0.00239411,0.0015561715,0.0,0.44689148570989845
full_ft_tiny_classification_seed2024,full_ft,tiny,qwen,0.5,-0.3010299956639812,32,0.0,0.0,0.0,0.0,1.0,0.01,0.005,2.0,0.04,0.02,2.06,0.132051282051282,16.0,1.2041199826559248,0,1,15.6,ok,1,0.8991,11.0905,136.075,0.00240937,0.0015660905000000002,0.0,0.492853426487023
full_ft_tiny_classification_seed42,full_ft,tiny,qwen,0.5,-0.3010299956639812,32,0.0,0.0,0.0,0.0,1.0,0.01,0.005,2.0,0.04,0.02,2.06,0.132051282051282,16.0,1.2041199826559248,0,1,15.6,ok,1,0.9048,11.143,135.04000000000002,0.00237976,0.001546844,0.0,0.38325187540310923
lisa_medium_classification_seed13,lisa,medium,qwen,1.5,0.1760912590556812,16,0.0,0.0,0.0,0.0,0.848823,0.00848823,0.0127323449999999,3.0,0.10185876,0.05092938,3.15278814,0.2021018038461538,24.0,1.380211241711606,0,0,15.6,ok,1,0.9438,14.4835,140.04500000000002,0.0025163,0.001635595,0.0,0.43062802974260683
lisa_medium_classification_seed2024,lisa,medium,qwen,1.5,0.1760912590556812,16,0.0,0.0,0.0,0.0,0.848823,0.00848823,0.0127323449999999,3.0,0.10185876,0.05092938,3.15278814,0.2021018038461538,24.0,1.380211241711606,0,0,15.6,ok,1,0.9369,15.5625,141.49,0.00253723,0.0016491995000000002,0.0,0.42921381618023385
lisa_medium_classification_seed42,lisa,medium,qwen,1.5,0.1760912590556812,16,0.0,0.0,0.0,0.0,0.848823,0.00848823,0.0127323449999999,3.0,0.10185876,0.05092938,3.15278814,0.2021018038461538,24.0,1.380211241711606,0,0,15.6,ok,1,0.9335,15.5835,141.325,0.00252961,0.0016442465,0.0,0.4419417382415922
lisa_small_classification_seed13,lisa,small,llama,1.1,0.041392685158225,16,0.0,0.0,0.0,0.0,0.936649,0.00936649,0.010303139,2.2,0.082425112,0.041212556,2.3236376680000004,0.1489511325641025,17.6,1.24551266781415,0,0,15.6,ok,1,0.9186,10.891,117.055,0.00209492,0.0013616980000000002,0.0,0.4695189027078686
lisa_small_classification_seed2024,lisa,small,llama,1.1,0.041392685158225,16,0.0,0.0,0.0,0.0,0.936649,0.00936649,0.010303139,2.2,0.082425112,0.041212556,2.3236376680000004,0.1489511325641025,17.6,1.24551266781415,0,0,15.6,ok,1,0.9151,10.9235,117.31,0.00209872,0.001364168,0.0,0.3669884194358189
lisa_small_classification_seed42,lisa,small,llama,1.1,0.041392685158225,16,0.0,0.0,0.0,0.0,0.936649,0.00936649,0.010303139,2.2,0.082425112,0.041212556,2.3236376680000004,0.1489511325641025,17.6,1.24551266781415,0,0,15.6,ok,1,0.9266,10.817499999999999,116.4,0.00207034,0.001345721,0.0,0.4221427483683679
lisa_tiny_classification_seed13,lisa,tiny,qwen,0.5,-0.3010299956639812,16,0.0,0.0,0.0,0.0,0.724441,0.00724441,0.003622205,1.0,0.02897764,0.01448882,1.04346646,0.0668888756410256,8.0,0.9030899869919436,0,0,15.6,ok,1,0.8635,4.8365,72.78,0.00124387,0.0008085155000000001,0.0,0.43345645686735335
lisa_tiny_classification_seed2024,lisa,tiny,qwen,0.5,-0.3010299956639812,16,0.0,0.0,0.0,0.0,0.724441,0.00724441,0.003622205,1.0,0.02897764,0.01448882,1.04346646,0.0668888756410256,8.0,0.9030899869919436,0,0,15.6,ok,1,0.8899,5.231,73.44,0.0012547,0.000815555,0.0,0.4369919907732866
lisa_tiny_classification_seed42,lisa,tiny,qwen,0.5,-0.3010299956639812,16,0.0,0.0,0.0,0.0,0.724441,0.00724441,0.003622205,1.0,0.02897764,0.01448882,1.04346646,0.0668888756410256,8.0,0.9030899869919436,0,0,15.6,ok,1,0.9071,5.2675,75.285,0.00127987,0.0008319155000000001,0.0,0.4504270196158311
lora_fa_medium_classification_seed13,lora_fa,medium,qwen,1.5,0.1760912590556812,16,16.0,2.833213344056216,1.0,16.0,0.001039,1.039e-05,1.5585e-05,3.0,0.00012468,6.234e-05,3.00018702,0.1923196807692307,24.0,1.380211241711606,0,0,15.6,ok,1,0.9438,10.593499999999999,126.36500000000001,0.00222269,0.0014447485,0.0,0.4249711754931151
lora_fa_medium_classification_seed2024,lora_fa,medium,qwen,1.5,0.1760912590556812,16,16.0,2.833213344056216,1.0,16.0,0.001039,1.039e-05,1.5585e-05,3.0,0.00012468,6.234e-05,3.00018702,0.1923196807692307,24.0,1.380211241711606,0,0,15.6,ok,1,0.9461,12.98,124.59,0.00212259,0.0013796835000000002,0.0,0.42850670939904834
lora_fa_medium_classification_seed42,lora_fa,medium,qwen,1.5,0.1760912590556812,16,16.0,2.833213344056216,1.0,16.0,0.001039,1.039e-05,1.5585e-05,3.0,0.00012468,6.234e-05,3.00018702,0.1923196807692307,24.0,1.380211241711606,0,0,15.6,ok,1,0.9392,13.037500000000001,124.41,0.00213238,0.001386047,0.0,0.42072853480599687
lora_fa_small_classification_seed13,lora_fa,small,llama,1.1,0.041392685158225,16,16.0,2.833213344056216,1.0,16.0,0.001565,1.565e-05,1.7215000000000004e-05,2.2,0.00013772,6.886000000000001e-05,2.20020658,0.1410388833333333,17.6,1.24551266781415,0,0,15.6,ok,1,0.9243,7.630000000000001,102.63499999999999,0.00173334,0.001126671,0.0,0.4454772721475252
lora_fa_small_classification_seed2024,lora_fa,small,llama,1.1,0.041392685158225,16,16.0,2.833213344056216,1.0,16.0,0.001565,1.565e-05,1.7215000000000004e-05,2.2,0.00013772,6.886000000000001e-05,2.20020658,0.1410388833333333,17.6,1.24551266781415,0,0,15.6,ok,1,0.9255,8.73,102.515,0.00173377,0.0011269505,0.0,0.41436457377531766
lora_fa_small_classification_seed42,lora_fa,small,llama,1.1,0.041392685158225,16,16.0,2.833213344056216,1.0,16.0,0.001565,1.565e-05,1.7215000000000004e-05,2.2,0.00013772,6.886000000000001e-05,2.20020658,0.1410388833333333,17.6,1.24551266781415,0,0,15.6,ok,1,0.9255,8.775,101.925,0.00172196,0.001119274,0.0,0.41577878733769064
lora_fa_tiny_classification_seed13,lora_fa,tiny,qwen,0.5,-0.3010299956639812,16,16.0,2.833213344056216,1.0,16.0,0.001589,1.589e-05,7.945e-06,1.0,6.356e-05,3.178e-05,1.00009534,0.0641086756410256,8.0,0.9030899869919436,0,0,15.6,ok,1,0.9174,3.7775,108.63499999999999,0.0012967,0.000842855,0.0,0.43345645686735335
lora_fa_tiny_classification_seed2024,lora_fa,tiny,qwen,0.5,-0.3010299956639812,16,16.0,2.833213344056216,1.0,16.0,0.001589,1.589e-05,7.945e-06,1.0,6.356e-05,3.178e-05,1.00009534,0.0641086756410256,8.0,0.9030899869919436,0,0,15.6,ok,1,0.914,4.558,107.125,0.00129812,0.0008437780000000001,0.0,0.4341635636485398
lora_fa_tiny_classification_seed42,lora_fa,tiny,qwen,0.5,-0.3010299956639812,16,16.0,2.833213344056216,1.0,16.0,0.001589,1.589e-05,7.945e-06,1.0,6.356e-05,3.178e-05,1.00009534,0.0641086756410256,8.0,0.9030899869919436,0,0,15.6,ok,1,0.9151,4.566000000000001,107.68,0.00130385,0.0008475025,0.0,0.4341635636485404
lora_medium_classification_seed2024,lora,medium,qwen,1.5,0.1760912590556812,16,16.0,2.833213344056216,1.0,16.0,0.002817,2.817e-05,4.2255e-05,3.0,0.00033804,0.00016902,3.00050706,0.1923401961538461,24.0,1.380211241711606,0,0,15.6,ok,1,0.9495,13.006,130.54,0.00220031,0.0014302015,0.0,0.4384062043356602
lora_medium_classification_seed42,lora,medium,qwen,1.5,0.1760912590556812,16,16.0,2.833213344056216,1.0,16.0,0.002817,2.817e-05,4.2255e-05,3.0,0.00033804,0.00016902,3.00050706,0.1923401961538461,24.0,1.380211241711606,0,0,15.6,ok,1,0.9461,10.929,129.89,0.00216023,0.0014041495,0.0,0.43982041789803245
lora_small_classification_seed13,lora,small,llama,1.1,0.041392685158225,16,16.0,2.833213344056216,1.0,16.0,0.00434,4.34e-05,4.774e-05,2.2,0.00038192,0.00019096,2.20057288,0.1410623641025641,17.6,1.24551266781415,0,0,15.6,ok,1,0.9404,10.733,108.36,0.00180621,0.0011740365,0.0,0.4384062043356595
lora_small_classification_seed2024,lora,small,llama,1.1,0.041392685158225,16,16.0,2.833213344056216,1.0,16.0,0.00434,4.34e-05,4.774e-05,2.2,0.00038192,0.00019096,2.20057288,0.1410623641025641,17.6,1.24551266781415,0,0,15.6,ok,1,0.9415,8.7385,106.16999999999999,0.00175148,0.001138462,0.0,0.432042243304981
lora_small_classification_seed42,lora,small,llama,1.1,0.041392685158225,16,16.0,2.833213344056216,1.0,16.0,0.00434,4.34e-05,4.774e-05,2.2,0.00038192,0.00019096,2.20057288,0.1410623641025641,17.6,1.24551266781415,0,0,15.6,ok,1,0.9495,8.812999999999999,106.35,0.00176415,0.0011466975,0.0,0.43416356364853886
lora_tiny_classification_seed13,lora,tiny,qwen,0.5,-0.3010299956639812,16,16.0,2.833213344056216,1.0,16.0,0.004362,4.3620000000000006e-05,2.1810000000000003e-05,1.0,0.00017448,8.724000000000001e-05,1.00026172,0.064119341025641,8.0,0.9030899869919436,0,0,15.6,ok,1,0.9163,3.896,113.195,0.00115775,0.0007525375,0.0,0.4384062043356597
lora_tiny_classification_seed2024,lora,tiny,qwen,0.5,-0.3010299956639812,16,16.0,2.833213344056216,1.0,16.0,0.004362,4.3620000000000006e-05,2.1810000000000003e-05,1.0,0.00017448,8.724000000000001e-05,1.00026172,0.064119341025641,8.0,0.9030899869919436,0,0,15.6,ok,1,0.9186,4.57,112.33000000000001,0.0012918,0.00083967,0.0,0.4369919907732863
lora_tiny_classification_seed42,lora,tiny,qwen,0.5,-0.3010299956639812,16,16.0,2.833213344056216,1.0,16.0,0.004362,4.3620000000000006e-05,2.1810000000000003e-05,1.0,0.00017448,8.724000000000001e-05,1.00026172,0.064119341025641,8.0,0.9030899869919436,0,0,15.6,ok,1,0.9174,4.5649999999999995,111.715,0.00121608,0.0007904520000000001,0.0,0.44123463146040515
qlora_large_classification_seed13,qlora,large,qwen,3.0,0.4771212547196624,4,16.0,2.833213344056216,1.0,16.0,0.004324,4.324e-05,0.00012972,1.5,0.00103776,0.00051888,1.50155664,0.0962536307692307,12.0,1.0791812460476249,1,0,15.6,ok,1,0.9472,7.146,335.115,0.00599847,0.0038990055,0.0,0.43982041789803245
qlora_large_classification_seed2024,qlora,large,qwen,3.0,0.4771212547196624,4,16.0,2.833213344056216,1.0,16.0,0.004324,4.324e-05,0.00012972,1.5,0.00103776,0.00051888,1.50155664,0.0962536307692307,12.0,1.0791812460476249,1,0,15.6,ok,1,0.9484,7.138,337.815,0.0060281,0.003918265,0.0,0.43840620433565924
qlora_large_classification_seed42,qlora,large,qwen,3.0,0.4771212547196624,4,16.0,2.833213344056216,1.0,16.0,0.004324,4.324e-05,0.00012972,1.5,0.00103776,0.00051888,1.50155664,0.0962536307692307,12.0,1.0791812460476249,1,0,15.6,ok,1,0.9495,7.140000000000001,335.33,0.00601425,0.0039092625,0.0,0.43840620433565985
qlora_medium_classification_seed13,qlora,medium,qwen,1.5,0.1760912590556812,4,16.0,2.833213344056216,1.0,16.0,0.004884,4.884e-05,7.326e-05,0.75,0.00058608,0.00029304,0.75087912,0.0481332769230769,6.0,0.7781512503836436,1,0,15.6,ok,1,0.9438,8.567499999999999,198.70999999999998,0.00339605,0.0022074325,0.0,0.10535891039679435
qlora_medium_classification_seed2024,qlora,medium,qwen,1.5,0.1760912590556812,4,16.0,2.833213344056216,1.0,16.0,0.004884,4.884e-05,7.326e-05,0.75,0.00058608,0.00029304,0.75087912,0.0481332769230769,6.0,0.7781512503836436,1,0,15.6,ok,1,0.9461,4.6635,202.44,0.00348174,0.0022631310000000003,0.0,0.5239661248592314
qlora_medium_classification_seed42,qlora,medium,qwen,1.5,0.1760912590556812,4,16.0,2.833213344056216,1.0,16.0,0.004884,4.884e-05,7.326e-05,0.75,0.00058608,0.00029304,0.75087912,0.0481332769230769,6.0,0.7781512503836436,1,0,15.6,ok,1,0.9404,6.0215,199.74,0.00343004,0.0022295260000000003,0.0,0.8930758646386094
qlora_small_classification_seed13,qlora,small,llama,1.1,0.041392685158225,4,16.0,2.833213344056216,1.0,16.0,0.008132,8.132e-05,8.945200000000001e-05,0.55,0.000715616,0.000357808,0.551073424,0.0353252194871794,4.4,0.6434526764861874,1,0,15.6,ok,1,0.9358,5.516,161.29500000000002,0.0027257,0.0017717050000000002,0.0,0.44547727214752547
qlora_small_classification_seed2024,qlora,small,llama,1.1,0.041392685158225,4,16.0,2.833213344056216,1.0,16.0,0.008132,8.132e-05,8.945200000000001e-05,0.55,0.000715616,0.000357808,0.551073424,0.0353252194871794,4.4,0.6434526764861874,1,0,15.6,ok,1,0.9358,3.1915,162.635,0.00272738,0.0017727970000000002,0.0,0.4617407281148152
qlora_small_classification_seed42,qlora,small,llama,1.1,0.041392685158225,4,16.0,2.833213344056216,1.0,16.0,0.008132,8.132e-05,8.945200000000001e-05,0.55,0.000715616,0.000357808,0.551073424,0.0353252194871794,4.4,0.6434526764861874,1,0,15.6,ok,1,0.9427,3.1665,161.09500000000003,0.00269835,0.0017539275000000001,0.0,0.4617407281148157
qlora_tiny_classification_seed13,qlora,tiny,qwen,0.5,-0.3010299956639812,4,16.0,2.833213344056216,1.0,16.0,0.006822,6.822e-05,3.411e-05,0.25,0.00027288,0.00013644,0.25040932,0.0160518794871794,2.0,0.3010299956639812,1,0,15.6,ok,1,0.9025,3.33,171.16,0.00214066,0.001391429,0.0,0.4384062043356595
qlora_tiny_classification_seed2024,qlora,tiny,qwen,0.5,-0.3010299956639812,4,16.0,2.833213344056216,1.0,16.0,0.006822,6.822e-05,3.411e-05,0.25,0.00027288,0.00013644,0.25040932,0.0160518794871794,2.0,0.3010299956639812,1,0,15.6,ok,1,0.9163,2.572,171.63,0.00216281,0.0014058265,0.0,0.4341635636485401
qlora_tiny_classification_seed42,qlora,tiny,qwen,0.5,-0.3010299956639812,4,16.0,2.833213344056216,1.0,16.0,0.006822,6.822e-05,3.411e-05,0.25,0.00027288,0.00013644,0.25040932,0.0160518794871794,2.0,0.3010299956639812,1,0,15.6,ok,1,0.9163,2.387,172.82999999999998,0.00213814,0.0013897910000000002,0.0,0.4341635636485401
