config_id,y_true,y_pred,backbone,method
full_ft_tiny_classification_seed13,0.9117,0.9132818697421803,tiny,full_ft
full_ft_tiny_classification_seed2024,0.8991,0.9132818697421803,tiny,full_ft
full_ft_tiny_classification_seed42,0.9048,0.9132818697421803,tiny,full_ft
lisa_medium_classification_seed13,0.9438,0.9203053237010748,medium,lisa
lisa_medium_classification_seed2024,0.9369,0.9203053237010748,medium,lisa
lisa_medium_classification_seed42,0.9335,0.9203053237010748,medium,lisa
lisa_small_classification_seed13,0.9186,0.922251873504303,small,lisa
lisa_small_classification_seed2024,0.9151,0.922251873504303,small,lisa
lisa_small_classification_seed42,0.9266,0.922251873504303,small,lisa
lisa_tiny_classification_seed13,0.8635,0.9155680094153323,tiny,lisa
lisa_tiny_classification_seed2024,0.8899,0.9155680094153323,tiny,lisa
lisa_tiny_classification_seed42,0.9071,0.9155680094153323,tiny,lisa
lora_fa_medium_classification_seed13,0.9438,0.926086047549244,medium,lora_fa
lora_fa_medium_classification_seed2024,0.9461,0.926086047549244,medium,lora_fa
lora_fa_medium_classification_seed42,0.9392,0.926086047549244,medium,lora_fa
lora_fa_small_classification_seed13,0.9243,0.9352383833622724,small,lora_fa
lora_fa_small_classification_seed2024,0.9255,0.9352383833622724,small,lora_fa
lora_fa_small_classification_seed42,0.9255,0.9352383833622724,small,lora_fa
lora_fa_tiny_classification_seed13,0.9174,0.9266851588770317,tiny,lora_fa
lora_fa_tiny_classification_seed2024,0.914,0.9266851588770317,tiny,lora_fa
lora_fa_tiny_classification_seed42,0.9151,0.9266851588770317,tiny,lora_fa
lora_medium_classification_seed2024,0.9495,0.9349472848849488,medium,lora
lora_medium_classification_seed42,0.9461,0.9349472848849488,medium,lora
lora_small_classification_seed13,0.9404,0.9379664328926918,small,lora
lora_small_classification_seed2024,0.9415,0.9379664328926918,small,lora
lora_small_classification_seed42,0.9495,0.9379664328926918,small,lora
lora_tiny_classification_seed13,0.9163,0.9372064023401405,tiny,lora
lora_tiny_classification_seed2024,0.9186,0.9372064023401405,tiny,lora
lora_tiny_classification_seed42,0.9174,0.9372064023401405,tiny,lora
qlora_large_classification_seed13,0.9472,0.9753182051028852,large,qlora
qlora_large_classification_seed2024,0.9484,0.9753182051028852,large,qlora
qlora_large_classification_seed42,0.9495,0.9753182051028852,large,qlora
qlora_medium_classification_seed13,0.9438,0.9334443140592822,medium,qlora
qlora_medium_classification_seed2024,0.9461,0.9334443140592822,medium,qlora
qlora_medium_classification_seed42,0.9404,0.9334443140592822,medium,qlora
qlora_small_classification_seed13,0.9358,0.9310878129155647,small,qlora
qlora_small_classification_seed2024,0.9358,0.9310878129155647,small,qlora
qlora_small_classification_seed42,0.9427,0.9310878129155647,small,qlora
qlora_tiny_classification_seed13,0.9025,0.9408673239999789,tiny,qlora
qlora_tiny_classification_seed2024,0.9163,0.9408673239999789,tiny,qlora
qlora_tiny_classification_seed42,0.9163,0.9408673239999789,tiny,qlora
