method,backbone,runs_attempted,runs_successful,runs_oom,oom_rate,outcome
full_ft,tiny,3,3,0,0.0,all_ok
full_ft,small,3,0,3,1.0,all_oom
full_ft,medium,3,0,3,1.0,all_oom
full_ft,large,3,0,3,1.0,all_oom
lisa,tiny,3,3,0,0.0,all_ok
lisa,small,3,3,0,0.0,all_ok
lisa,medium,3,3,0,0.0,all_ok
lisa,large,3,0,3,1.0,all_oom
lora,tiny,3,3,0,0.0,all_ok
lora,small,3,3,0,0.0,all_ok
lora,medium,3,2,1,0.3333,mixed
lora,large,3,0,3,1.0,all_oom
lora_fa,tiny,3,3,0,0.0,all_ok
lora_fa,small,3,3,0,0.0,all_ok
lora_fa,medium,3,3,0,0.0,all_ok
lora_fa,large,3,0,3,1.0,all_oom
qlora,tiny,3,3,0,0.0,all_ok
qlora,small,3,3,0,0.0,all_ok
qlora,medium,3,3,0,0.0,all_ok
qlora,large,3,3,0,0.0,all_ok
