method,backbone,params_b,n_seeds,seeds,accuracy_mean,accuracy_std,accuracy_range,accuracy_cv_pct,peak_gpu_memory_gb_mean,peak_gpu_memory_gb_std,peak_gpu_memory_gb_range,peak_gpu_memory_gb_cv_pct,energy_kwh_mean,energy_kwh_std,energy_kwh_range,energy_kwh_cv_pct,wall_clock_seconds_mean,wall_clock_seconds_std,wall_clock_seconds_range,wall_clock_seconds_cv_pct
full_ft,tiny,0.5,3,"13,42,2024",0.9052000000000001,0.006309516621738912,0.012599999999999945,0.6970301172932956,11.1265,0.031212978070027375,0.05550000000000033,0.2805282709749461,0.0023944133333333333,1.4807330391847704e-05,2.9610000000000226e-05,0.6184116244973453,135.67666666666668,0.5571430097679775,1.0349999999999682,0.4106402548470462
lisa,tiny,0.5,3,"13,42,2024",0.8868333333333333,0.021961177867622052,0.04359999999999997,2.4763590905042725,5.111666666666666,0.23899912831082318,0.43100000000000005,4.675561688506486,0.00125948,1.8469875473321407e-05,3.600000000000001e-05,1.4664683419602855,73.835,1.2983739831034795,2.5049999999999955,1.7584803725922389
lisa,small,1.1,3,"13,42,2024",0.9201,0.00589491306127578,0.011499999999999955,0.6406817803799347,10.877333333333334,0.05430546319969496,0.10600000000000165,0.4992534616299487,0.0020879933333333334,1.5405847374725488e-05,2.838000000000016e-05,0.737830295182559,116.92166666666667,0.46942340518271153,0.9099999999999966,0.40148538638351444
lisa,medium,1.5,3,"13,42,2024",0.9380666666666667,0.0052481742857238695,0.010299999999999976,0.5594670903692562,15.209833333333334,0.6291107480669315,1.1000000000000014,4.136210662402162,0.0025277133333333336,1.059312198236831e-05,2.0930000000000167e-05,0.419079246157989,140.95333333333335,0.7909540652486209,1.4449999999999932,0.5611460520611697
lora,tiny,0.5,3,"13,42,2024",0.9174333333333333,0.0011503622617824775,0.0022999999999999687,0.12538919395950412,4.343666666666667,0.3876987662262202,0.6740000000000004,8.925610457207126,0.0012218766666666667,6.721273416052453e-05,0.00013405000000000014,5.50077892426605,112.41333333333334,0.7435108158818705,1.4799999999999898,0.6614080321568057
lora,small,1.1,3,"13,42,2024",0.9438,0.004966890375275058,0.009099999999999997,0.5262651382999638,9.428166666666668,1.1306326031622007,1.9945000000000004,11.992072723529148,0.0017739466666666665,2.865003025012947e-05,5.473000000000001e-05,1.6150446227317699,106.96,1.2157713600837998,2.190000000000012,1.1366598355308526
lora,medium,1.5,2,"42,2024",0.9478,0.0024041630560342323,0.0033999999999999586,0.25365721207366876,11.967500000000001,1.4686607845244593,2.077,12.272076745556374,0.0021802699999999998,2.834083978995687e-05,4.0080000000000063e-05,1.2998775284692665,130.21499999999997,0.4596194077712599,0.6500000000000057,0.3529696331231118
lora_fa,tiny,0.5,3,"13,42,2024",0.9155000000000001,0.0017349351572897257,0.0033999999999999586,0.18950684405130808,4.3005,0.4529489485582235,0.7885000000000009,10.53247177207821,0.0012995566666666666,3.785318128418464e-06,7.150000000000038e-06,0.2912776507182037,107.81333333333333,0.7637789819923857,1.509999999999991,0.7084272031836375
lora_fa,small,1.1,3,"13,42,2024",0.9251,0.0006928203230275388,0.0011999999999999789,0.07489139801400269,8.378333333333334,0.6484661389257985,1.1449999999999996,7.739798753838851,0.00172969,6.697828006152432e-06,1.1809999999999902e-05,0.3872270757275831,102.35833333333333,0.38004385711827016,0.7099999999999937,0.3712876565512694
lora_fa,medium,1.5,3,"13,42,2024",0.9430333333333333,0.003513308032799478,0.006900000000000017,0.3725539605669094,12.203666666666669,1.3947415829942609,2.4440000000000026,11.428873150099102,0.00215922,5.518416167706074e-05,0.00010009999999999967,2.555745207855649,125.12166666666667,1.0805129954486181,1.9550000000000125,0.8635698550333286
qlora,tiny,0.5,3,"13,42,2024",0.9117000000000001,0.007967433714816854,0.013800000000000034,0.8739095881119726,2.7630000000000003,0.49967289300101125,0.9430000000000001,18.08443333336993,0.0021472033333333335,1.3574374141496512e-05,2.466999999999964e-05,0.632188574354696,171.87333333333333,0.8611813591418022,1.6699999999999875,0.5010558313148067
qlora,small,1.1,3,"13,42,2024",0.9380999999999999,0.003983716857408427,0.006900000000000017,0.4246580169926903,3.958,1.349325479637882,2.3495,34.09109347240732,0.002717143333333333,1.6297166420373118e-05,2.90300000000002e-05,0.5997904571482471,161.675,0.8373768566183146,1.5399999999999636,0.5179383680954475
qlora,medium,1.5,3,"13,42,2024",0.9434333333333332,0.002867635495200431,0.005700000000000038,0.30395740683324357,6.4174999999999995,1.981897070990317,3.903999999999999,30.88269685999715,0.0034359433333333335,4.314894011830816e-05,8.569000000000025e-05,1.2558105862720328,200.29666666666665,1.9263004265517245,3.730000000000018,0.961723656518693
qlora,large,3.0,3,"13,42,2024",0.9483666666666667,0.0011503622617824775,0.0022999999999999687,0.12129931409607508,7.141333333333333,0.004163331998932163,0.008000000000000007,0.05829908512320991,0.006013606666666667,1.4825472448908159e-05,2.9630000000000108e-05,0.24653212740177263,336.08666666666664,1.5006359762891641,2.6999999999999886,0.44650268074380545
