config_id,backbone,method,target,actual,predicted,residual,measurement_pass
full_ft_tiny_classification_seed13,tiny,full_ft,accuracy,0.9117,0.9010279830447334,0.010672016955266539,original
full_ft_tiny_classification_seed2024,tiny,full_ft,accuracy,0.8991,0.907058252983129,-0.007958252983129022,original
full_ft_tiny_classification_seed42,tiny,full_ft,accuracy,0.9048,0.9048381082251049,-3.810822510486034e-05,original
lisa_tiny_classification_seed13,tiny,lisa,accuracy,0.8635,0.899513254779944,-0.03601325477994399,original
lisa_tiny_classification_seed2024,tiny,lisa,accuracy,0.8899,0.8875684416847026,0.0023315583152974106,original
lisa_tiny_classification_seed42,tiny,lisa,accuracy,0.9071,0.8797236085137087,0.02737639148629134,original
lora_tiny_classification_seed13,tiny,lora,accuracy,0.9163,0.9176035757690245,-0.001303575769024512,original
lora_tiny_classification_seed2024,tiny,lora,accuracy,0.9186,0.9165547130952392,0.0020452869047608013,original
lora_tiny_classification_seed42,tiny,lora,accuracy,0.9174,0.917261111598122,0.00013888840187803453,original
lora_fa_tiny_classification_seed13,tiny,lora_fa,accuracy,0.9174,0.9147404622925721,0.0026595377074278836,original
lora_fa_tiny_classification_seed2024,tiny,lora_fa,accuracy,0.914,0.9163798267461682,-0.002379826746168212,original
lora_fa_tiny_classification_seed42,tiny,lora_fa,accuracy,0.9151,0.9157843954996391,-0.0006843954996390567,original
qlora_tiny_classification_seed13,tiny,qlora,accuracy,0.9025,0.9163350106240958,-0.013835010624095867,original
qlora_tiny_classification_seed2024,tiny,qlora,accuracy,0.9163,0.9094052952561339,0.006894704743866109,original
qlora_tiny_classification_seed42,tiny,qlora,accuracy,0.9163,0.909358959108948,0.006941040891051964,original
lisa_small_classification_seed13,small,lisa,accuracy,0.9186,0.9221716112554091,-0.0035716112554091684,original
lisa_small_classification_seed2024,small,lisa,accuracy,0.9151,0.9231337893037512,-0.008033789303751204,original
lisa_small_classification_seed42,small,lisa,accuracy,0.9266,0.9183886431186883,0.008211356881311693,original
lora_small_classification_seed13,small,lora,accuracy,0.9404,0.9445033487006046,-0.004103348700604581,original
lora_small_classification_seed2024,small,lora,accuracy,0.9415,0.942990425420415,-0.001490425420414998,original
lora_small_classification_seed42,small,lora,accuracy,0.9495,0.9397734717352063,0.009726528264793699,original
lora_fa_small_classification_seed13,small,lora_fa,accuracy,0.9243,0.9272970441100559,-0.0029970441100558576,original
lora_fa_small_classification_seed2024,small,lora_fa,accuracy,0.9255,0.9268461997745284,-0.0013461997745284338,original
lora_fa_small_classification_seed42,small,lora_fa,accuracy,0.9255,0.9270799315524729,-0.0015799315524729352,original
qlora_small_classification_seed13,small,qlora,accuracy,0.9358,0.9381271797619045,-0.002327179761904552,original
qlora_small_classification_seed2024,small,qlora,accuracy,0.9358,0.9387158988275616,-0.0029158988275616027,original
qlora_small_classification_seed42,small,qlora,accuracy,0.9427,0.9351367941461255,0.007563205853874488,original
lisa_medium_classification_seed13,medium,lisa,accuracy,0.9438,0.9354724337752534,0.008327566224746619,original
lisa_medium_classification_seed2024,medium,lisa,accuracy,0.9369,0.9388895384199135,-0.0019895384199135613,original
lisa_medium_classification_seed42,medium,lisa,accuracy,0.9335,0.9406896869408389,-0.00718968694083888,original
lora_medium_classification_seed2024,medium,lora,accuracy,0.9495,0.9454805730228115,0.004019426977188489,original
lora_medium_classification_seed42,medium,lora,accuracy,0.9461,0.9475376868908877,-0.001437686890887635,original
lora_fa_medium_classification_seed13,medium,lora_fa,accuracy,0.9438,0.9418171058982684,0.0019828941017315804,original
lora_fa_medium_classification_seed2024,medium,lora_fa,accuracy,0.9461,0.9403483540632991,0.0057516459367009665,original
lora_fa_medium_classification_seed42,medium,lora_fa,accuracy,0.9392,0.9441003280212859,-0.004900328021285816,original
qlora_medium_classification_seed13,medium,qlora,accuracy,0.9438,0.9435045336940836,0.0002954663059163698,original
qlora_medium_classification_seed2024,medium,qlora,accuracy,0.9461,0.9422074061778484,0.00389259382215168,original
qlora_medium_classification_seed42,medium,qlora,accuracy,0.9404,0.9449603614177504,-0.004560361417750403,original
qlora_large_classification_seed13,large,qlora,accuracy,0.9472,0.9486585173160172,-0.001458517316017205,original
qlora_large_classification_seed2024,large,qlora,accuracy,0.9484,0.9480995934523828,0.00030040654761720464,original
qlora_large_classification_seed42,large,qlora,accuracy,0.9495,0.9474663077783306,0.002033692221669381,original
full_ft_tiny_classification_seed13,tiny,full_ft,accuracy,0.9117,0.9010279830447334,0.010672016955266539,remeasured
full_ft_tiny_classification_seed2024,tiny,full_ft,accuracy,0.8991,0.907058252983129,-0.007958252983129022,remeasured
full_ft_tiny_classification_seed42,tiny,full_ft,accuracy,0.9048,0.9048381082251049,-3.810822510486034e-05,remeasured
lisa_medium_classification_seed13,medium,lisa,accuracy,0.9438,0.9354724337752534,0.008327566224746619,remeasured
lisa_medium_classification_seed2024,medium,lisa,accuracy,0.9369,0.9388895384199135,-0.0019895384199135613,remeasured
lisa_medium_classification_seed42,medium,lisa,accuracy,0.9335,0.9406896869408389,-0.00718968694083888,remeasured
lisa_small_classification_seed13,small,lisa,accuracy,0.9186,0.9221716112554091,-0.0035716112554091684,remeasured
lisa_small_classification_seed2024,small,lisa,accuracy,0.9151,0.9231337893037512,-0.008033789303751204,remeasured
lisa_small_classification_seed42,small,lisa,accuracy,0.9266,0.9183886431186883,0.008211356881311693,remeasured
lisa_tiny_classification_seed13,tiny,lisa,accuracy,0.8635,0.899513254779944,-0.03601325477994399,remeasured
lisa_tiny_classification_seed2024,tiny,lisa,accuracy,0.8899,0.8875684416847026,0.0023315583152974106,remeasured
lisa_tiny_classification_seed42,tiny,lisa,accuracy,0.9071,0.8797236085137087,0.02737639148629134,remeasured
lora_fa_medium_classification_seed13,medium,lora_fa,accuracy,0.9438,0.9418171058982684,0.0019828941017315804,remeasured
lora_fa_medium_classification_seed2024,medium,lora_fa,accuracy,0.9461,0.9403483540632991,0.0057516459367009665,remeasured
lora_fa_medium_classification_seed42,medium,lora_fa,accuracy,0.9392,0.9441003280212859,-0.004900328021285816,remeasured
lora_fa_small_classification_seed13,small,lora_fa,accuracy,0.9243,0.9272970441100559,-0.0029970441100558576,remeasured
lora_fa_small_classification_seed2024,small,lora_fa,accuracy,0.9255,0.9268461997745284,-0.0013461997745284338,remeasured
lora_fa_small_classification_seed42,small,lora_fa,accuracy,0.9255,0.9270799315524729,-0.0015799315524729352,remeasured
lora_fa_tiny_classification_seed13,tiny,lora_fa,accuracy,0.9174,0.9147404622925721,0.0026595377074278836,remeasured
lora_fa_tiny_classification_seed2024,tiny,lora_fa,accuracy,0.914,0.9163798267461682,-0.002379826746168212,remeasured
lora_fa_tiny_classification_seed42,tiny,lora_fa,accuracy,0.9151,0.9157843954996391,-0.0006843954996390567,remeasured
lora_medium_classification_seed2024,medium,lora,accuracy,0.9495,0.9454805730228115,0.004019426977188489,remeasured
lora_medium_classification_seed42,medium,lora,accuracy,0.9461,0.9475376868908877,-0.001437686890887635,remeasured
lora_small_classification_seed13,small,lora,accuracy,0.9404,0.9445033487006046,-0.004103348700604581,remeasured
lora_small_classification_seed2024,small,lora,accuracy,0.9415,0.942990425420415,-0.001490425420414998,remeasured
lora_small_classification_seed42,small,lora,accuracy,0.9495,0.9397734717352063,0.009726528264793699,remeasured
lora_tiny_classification_seed13,tiny,lora,accuracy,0.9163,0.9176035757690245,-0.001303575769024512,remeasured
lora_tiny_classification_seed2024,tiny,lora,accuracy,0.9186,0.9165547130952392,0.0020452869047608013,remeasured
lora_tiny_classification_seed42,tiny,lora,accuracy,0.9174,0.917261111598122,0.00013888840187803453,remeasured
qlora_large_classification_seed13,large,qlora,accuracy,0.9472,0.9486585173160172,-0.001458517316017205,remeasured
qlora_large_classification_seed2024,large,qlora,accuracy,0.9484,0.9480995934523828,0.00030040654761720464,remeasured
qlora_large_classification_seed42,large,qlora,accuracy,0.9495,0.9474663077783306,0.002033692221669381,remeasured
qlora_medium_classification_seed13,medium,qlora,accuracy,0.9438,0.9435045336940836,0.0002954663059163698,remeasured
qlora_medium_classification_seed2024,medium,qlora,accuracy,0.9461,0.9422074061778484,0.00389259382215168,remeasured
qlora_medium_classification_seed42,medium,qlora,accuracy,0.9404,0.9449603614177504,-0.004560361417750403,remeasured
qlora_small_classification_seed13,small,qlora,accuracy,0.9358,0.9381271797619045,-0.002327179761904552,remeasured
qlora_small_classification_seed2024,small,qlora,accuracy,0.9358,0.9387158988275616,-0.0029158988275616027,remeasured
qlora_small_classification_seed42,small,qlora,accuracy,0.9427,0.9351367941461255,0.007563205853874488,remeasured
qlora_tiny_classification_seed13,tiny,qlora,accuracy,0.9025,0.9163350106240958,-0.013835010624095867,remeasured
qlora_tiny_classification_seed2024,tiny,qlora,accuracy,0.9163,0.9094052952561339,0.006894704743866109,remeasured
qlora_tiny_classification_seed42,tiny,qlora,accuracy,0.9163,0.909358959108948,0.006941040891051964,remeasured
full_ft_tiny_classification_seed13,tiny,full_ft,peak_gpu_memory_gb,11.462,11.076633311507935,0.38536668849206457,original
full_ft_tiny_classification_seed2024,tiny,full_ft,peak_gpu_memory_gb,11.439,11.01967868699357,0.4193213130064297,original
full_ft_tiny_classification_seed42,tiny,full_ft,peak_gpu_memory_gb,11.414,11.022400512626257,0.3915994873737425,original
lisa_tiny_classification_seed13,tiny,lisa,peak_gpu_memory_gb,5.143,5.180369062728939,-0.03736906272893936,original
lisa_tiny_classification_seed2024,tiny,lisa,peak_gpu_memory_gb,5.54,4.957905135087134,0.5820948649128663,original
lisa_tiny_classification_seed42,tiny,lisa,peak_gpu_memory_gb,5.586,4.986554953657454,0.599445046342546,original
lora_tiny_classification_seed13,tiny,lora,peak_gpu_memory_gb,4.206,4.587888526109311,-0.3818885261093108,original
lora_tiny_classification_seed2024,tiny,lora,peak_gpu_memory_gb,4.879,4.24523695337302,0.6337630466269797,original
lora_tiny_classification_seed42,tiny,lora,peak_gpu_memory_gb,4.877,4.2943373291847085,0.5826626708152913,original
lora_fa_tiny_classification_seed13,tiny,lora_fa,peak_gpu_memory_gb,4.084,4.542745790133477,-0.45874579013347727,original
lora_fa_tiny_classification_seed2024,tiny,lora_fa,peak_gpu_memory_gb,4.865,4.18863982844933,0.6763601715506704,original
lora_fa_tiny_classification_seed42,tiny,lora_fa,peak_gpu_memory_gb,4.873,4.205885449945889,0.6671145500541114,original
qlora_tiny_classification_seed13,tiny,qlora,peak_gpu_memory_gb,3.64,2.6147881693167947,1.0252118306832054,original
qlora_tiny_classification_seed2024,tiny,qlora,peak_gpu_memory_gb,2.879,2.9495280294913404,-0.0705280294913404,original
qlora_tiny_classification_seed42,tiny,qlora,peak_gpu_memory_gb,2.694,2.9874313635461776,-0.2934313635461776,original
lisa_small_classification_seed13,small,lisa,peak_gpu_memory_gb,11.223,10.758003573350276,0.4649964266497246,original
lisa_small_classification_seed2024,small,lisa,peak_gpu_memory_gb,11.183,10.840854502885993,0.3421454971140072,original
lisa_small_classification_seed42,small,lisa,peak_gpu_memory_gb,11.116,10.760155618912336,0.3558443810876639,original
lora_small_classification_seed13,small,lora,peak_gpu_memory_gb,11.043,8.80950264505634,2.23349735494366,original
lora_small_classification_seed2024,small,lora,peak_gpu_memory_gb,9.044,9.812385575625767,-0.768385575625766,original
lora_small_classification_seed42,small,lora,peak_gpu_memory_gb,9.12,9.708941156295092,-0.5889411562950926,original
lora_fa_small_classification_seed13,small,lora_fa,peak_gpu_memory_gb,7.945,8.886670538870845,-0.9416705388708451,original
lora_fa_small_classification_seed2024,small,lora_fa,peak_gpu_memory_gb,9.023,8.386876227453117,0.6361237725468829,original
lora_fa_small_classification_seed42,small,lora_fa,peak_gpu_memory_gb,9.069,8.33096233200133,0.73803766799867,original
qlora_small_classification_seed13,small,qlora,peak_gpu_memory_gb,5.831,3.232315346410534,2.5986846535894665,original
qlora_small_classification_seed2024,small,qlora,peak_gpu_memory_gb,3.518,4.330982331793209,-0.8129823317932088,original
qlora_small_classification_seed42,small,qlora,peak_gpu_memory_gb,3.493,4.313803598928846,-0.8208035989288462,original
lisa_medium_classification_seed13,medium,lisa,peak_gpu_memory_gb,14.788,15.194227441017336,-0.4062274410173359,original
lisa_medium_classification_seed2024,medium,lisa,peak_gpu_memory_gb,15.866,14.718630129328982,1.1473698706710174,original
lisa_medium_classification_seed42,medium,lisa,peak_gpu_memory_gb,15.896,14.665991091540407,1.2300089084595935,original
lora_medium_classification_seed2024,medium,lora,peak_gpu_memory_gb,13.316,11.26471513753608,2.0512848624639215,original
lora_medium_classification_seed42,medium,lora,peak_gpu_memory_gb,11.24,13.08598295364359,-1.84598295364359,original
lora_fa_medium_classification_seed13,medium,lora_fa,peak_gpu_memory_gb,10.894,13.053571772095957,-2.1595717720959566,original
lora_fa_medium_classification_seed2024,medium,lora_fa,peak_gpu_memory_gb,13.283,11.809213677940111,1.4737863220598886,original
lora_fa_medium_classification_seed42,medium,lora_fa,peak_gpu_memory_gb,13.335,11.676478170905462,1.6585218290945392,original
qlora_medium_classification_seed13,medium,qlora,peak_gpu_memory_gb,8.642,5.2728773321608955,3.369122667839104,original
qlora_medium_classification_seed2024,medium,qlora,peak_gpu_memory_gb,5.034,7.220838963383842,-2.186838963383842,original
qlora_medium_classification_seed42,medium,qlora,peak_gpu_memory_gb,6.653,6.520176126082256,0.13282387391774364,original
qlora_large_classification_seed13,large,qlora,peak_gpu_memory_gb,7.457,7.1069927223124125,0.3500072776875873,original
qlora_large_classification_seed2024,large,qlora,peak_gpu_memory_gb,7.448,7.110541036706341,0.33745896329365976,original
qlora_large_classification_seed42,large,qlora,peak_gpu_memory_gb,7.45,7.119412415861915,0.330587584138085,original
full_ft_tiny_classification_seed13,tiny,full_ft,peak_gpu_memory_gb,10.83,11.076633311507935,-0.2466333115079351,remeasured
full_ft_tiny_classification_seed2024,tiny,full_ft,peak_gpu_memory_gb,10.742,11.01967868699357,-0.27767868699356946,remeasured
full_ft_tiny_classification_seed42,tiny,full_ft,peak_gpu_memory_gb,10.872,11.022400512626257,-0.1504005126262573,remeasured
lisa_medium_classification_seed13,medium,lisa,peak_gpu_memory_gb,14.179,15.194227441017336,-1.0152274410173359,remeasured
lisa_medium_classification_seed2024,medium,lisa,peak_gpu_memory_gb,15.259,14.718630129328982,0.540369870671018,remeasured
lisa_medium_classification_seed42,medium,lisa,peak_gpu_memory_gb,15.271,14.665991091540407,0.6050089084595935,remeasured
lisa_small_classification_seed13,small,lisa,peak_gpu_memory_gb,10.559,10.758003573350276,-0.19900357335027685,remeasured
lisa_small_classification_seed2024,small,lisa,peak_gpu_memory_gb,10.664,10.840854502885993,-0.17685450288599291,remeasured
lisa_small_classification_seed42,small,lisa,peak_gpu_memory_gb,10.519,10.760155618912336,-0.2411556189123356,remeasured
lisa_tiny_classification_seed13,tiny,lisa,peak_gpu_memory_gb,4.53,5.180369062728939,-0.6503690627289389,remeasured
lisa_tiny_classification_seed2024,tiny,lisa,peak_gpu_memory_gb,4.922,4.957905135087134,-0.035905135087134,remeasured
lisa_tiny_classification_seed42,tiny,lisa,peak_gpu_memory_gb,4.949,4.986554953657454,-0.037554953657454426,remeasured
lora_fa_medium_classification_seed13,medium,lora_fa,peak_gpu_memory_gb,10.293,13.053571772095957,-2.7605717720959575,remeasured
lora_fa_medium_classification_seed2024,medium,lora_fa,peak_gpu_memory_gb,12.677,11.809213677940111,0.8677863220598887,remeasured
lora_fa_medium_classification_seed42,medium,lora_fa,peak_gpu_memory_gb,12.74,11.676478170905462,1.0635218290945385,remeasured
lora_fa_small_classification_seed13,small,lora_fa,peak_gpu_memory_gb,7.315,8.886670538870845,-1.571670538870845,remeasured
lora_fa_small_classification_seed2024,small,lora_fa,peak_gpu_memory_gb,8.437,8.386876227453117,0.050123772546882606,remeasured
lora_fa_small_classification_seed42,small,lora_fa,peak_gpu_memory_gb,8.481,8.33096233200133,0.15003766799866902,remeasured
lora_fa_tiny_classification_seed13,tiny,lora_fa,peak_gpu_memory_gb,3.471,4.542745790133477,-1.0717457901334768,remeasured
lora_fa_tiny_classification_seed2024,tiny,lora_fa,peak_gpu_memory_gb,4.251,4.18863982844933,0.06236017155067053,remeasured
lora_fa_tiny_classification_seed42,tiny,lora_fa,peak_gpu_memory_gb,4.259,4.205885449945889,0.053114550054111476,remeasured
lora_medium_classification_seed2024,medium,lora,peak_gpu_memory_gb,12.696,11.26471513753608,1.4312848624639205,remeasured
lora_medium_classification_seed42,medium,lora,peak_gpu_memory_gb,10.618,13.08598295364359,-2.46798295364359,remeasured
lora_small_classification_seed13,small,lora,peak_gpu_memory_gb,10.423,8.80950264505634,1.6134973549436609,remeasured
lora_small_classification_seed2024,small,lora,peak_gpu_memory_gb,8.433,9.812385575625767,-1.3793855756257667,remeasured
lora_small_classification_seed42,small,lora,peak_gpu_memory_gb,8.506,9.708941156295092,-1.2029411562950916,remeasured
lora_tiny_classification_seed13,tiny,lora,peak_gpu_memory_gb,3.586,4.587888526109311,-1.0018885261093113,remeasured
lora_tiny_classification_seed2024,tiny,lora,peak_gpu_memory_gb,4.261,4.24523695337302,0.01576304662698025,remeasured
lora_tiny_classification_seed42,tiny,lora,peak_gpu_memory_gb,4.253,4.2943373291847085,-0.04133732918470834,remeasured
qlora_large_classification_seed13,large,qlora,peak_gpu_memory_gb,6.835,7.1069927223124125,-0.27199272231241256,remeasured
qlora_large_classification_seed2024,large,qlora,peak_gpu_memory_gb,6.828,7.110541036706341,-0.28254103670634034,remeasured
qlora_large_classification_seed42,large,qlora,peak_gpu_memory_gb,6.83,7.119412415861915,-0.28941241586191513,remeasured
qlora_medium_classification_seed13,medium,qlora,peak_gpu_memory_gb,8.493,5.2728773321608955,3.220122667839105,remeasured
qlora_medium_classification_seed2024,medium,qlora,peak_gpu_memory_gb,4.293,7.220838963383842,-2.9278389633838415,remeasured
qlora_medium_classification_seed42,medium,qlora,peak_gpu_memory_gb,5.39,6.520176126082256,-1.1301761260822563,remeasured
qlora_small_classification_seed13,small,qlora,peak_gpu_memory_gb,5.201,3.232315346410534,1.9686846535894658,remeasured
qlora_small_classification_seed2024,small,qlora,peak_gpu_memory_gb,2.865,4.330982331793209,-1.4659823317932084,remeasured
qlora_small_classification_seed42,small,qlora,peak_gpu_memory_gb,2.84,4.313803598928846,-1.4738035989288463,remeasured
qlora_tiny_classification_seed13,tiny,qlora,peak_gpu_memory_gb,3.02,2.6147881693167947,0.4052118306832053,remeasured
qlora_tiny_classification_seed2024,tiny,qlora,peak_gpu_memory_gb,2.265,2.9495280294913404,-0.6845280294913403,remeasured
qlora_tiny_classification_seed42,tiny,qlora,peak_gpu_memory_gb,2.08,2.9874313635461776,-0.9074313635461775,remeasured
full_ft_tiny_classification_seed13,tiny,full_ft,energy_kwh,0.00239411,0.002276085782291668,0.00011802421770833226,original
full_ft_tiny_classification_seed2024,tiny,full_ft,energy_kwh,0.00240937,0.0022598433917956325,0.0001495266082043676,original
full_ft_tiny_classification_seed42,tiny,full_ft,energy_kwh,0.00237976,0.002229950094391235,0.00014980990560876494,original
lisa_tiny_classification_seed13,tiny,lisa,energy_kwh,0.00124387,0.0015039705778869047,-0.00026010057788690465,original
lisa_tiny_classification_seed2024,tiny,lisa,energy_kwh,0.0012547,0.0013969666932043651,-0.00014226669320436505,original
lisa_tiny_classification_seed42,tiny,lisa,energy_kwh,0.00127987,0.0015021265262599199,-0.00022225652625991986,original
lora_tiny_classification_seed13,tiny,lora,energy_kwh,0.00115775,0.0013046386244841281,-0.00014688862448412822,original
lora_tiny_classification_seed2024,tiny,lora,energy_kwh,0.0012918,0.0012613034123611106,3.0496587638889454e-05,original
lora_tiny_classification_seed42,tiny,lora,energy_kwh,0.00121608,0.0012677782590575406,-5.169825905754059e-05,original
lora_fa_tiny_classification_seed13,tiny,lora_fa,energy_kwh,0.0012967,0.0013024406363095235,-5.740636309523473e-06,original
lora_fa_tiny_classification_seed2024,tiny,lora_fa,energy_kwh,0.00129812,0.0012986174626488094,-4.974626488093645e-07,original
lora_fa_tiny_classification_seed42,tiny,lora_fa,energy_kwh,0.00130385,0.001298948225218255,4.901774781745135e-06,original
qlora_tiny_classification_seed13,tiny,qlora,energy_kwh,0.00214066,0.0024074976991233757,-0.00026683769912337575,original
qlora_tiny_classification_seed2024,tiny,qlora,energy_kwh,0.00216281,0.0024499065215773845,-0.0002870965215773847,original
qlora_tiny_classification_seed42,tiny,qlora,energy_kwh,0.00213814,0.0024547228640773794,-0.00031658286407737924,original
lisa_small_classification_seed13,small,lisa,energy_kwh,0.00209492,0.0020548599450892816,4.0060054910718516e-05,original
lisa_small_classification_seed2024,small,lisa,energy_kwh,0.00209872,0.002081476595456346,1.7243404543653904e-05,original
lisa_small_classification_seed42,small,lisa,energy_kwh,0.00207034,0.002050303959027777,2.0036040972222762e-05,original
lora_small_classification_seed13,small,lora,energy_kwh,0.00180621,0.001823117272450399,-1.690727245039908e-05,original
lora_small_classification_seed2024,small,lora,energy_kwh,0.00175148,0.0018374797771031782,-8.599977710317826e-05,original
lora_small_classification_seed42,small,lora,energy_kwh,0.00176415,0.0018234178357043657,-5.9267835704365735e-05,original
lora_fa_small_classification_seed13,small,lora_fa,energy_kwh,0.00173334,0.0017886793935218256,-5.533939352182554e-05,original
lora_fa_small_classification_seed2024,small,lora_fa,energy_kwh,0.00173377,0.0017715982445634937,-3.7828244563493756e-05,original
lora_fa_small_classification_seed42,small,lora_fa,energy_kwh,0.00172196,0.0017803623187500033,-5.840231875000332e-05,original
qlora_small_classification_seed13,small,qlora,energy_kwh,0.0027257,0.0027091677849206326,1.6532215079367602e-05,original
qlora_small_classification_seed2024,small,qlora,energy_kwh,0.00272738,0.0026209624911507955,0.00010641750884920467,original
qlora_small_classification_seed42,small,qlora,energy_kwh,0.00269835,0.0025881549772222246,0.00011019502277777532,original
lisa_medium_classification_seed13,medium,lisa,energy_kwh,0.0025163,0.0024639219194444433,5.237808055555664e-05,original
lisa_medium_classification_seed2024,medium,lisa,energy_kwh,0.00253723,0.002493142064097221,4.4087935902779266e-05,original
lisa_medium_classification_seed42,medium,lisa,energy_kwh,0.00252961,0.002458161735257938,7.144826474206204e-05,original
lora_medium_classification_seed2024,medium,lora,energy_kwh,0.00220031,0.002203807215456351,-3.4972154563509862e-06,original
lora_medium_classification_seed42,medium,lora,energy_kwh,0.00216023,0.002211718983472225,-5.148898347222524e-05,original
lora_fa_medium_classification_seed13,medium,lora_fa,energy_kwh,0.00222269,0.002181736735297622,4.0953264702377895e-05,original
lora_fa_medium_classification_seed2024,medium,lora_fa,energy_kwh,0.00212259,0.0021569648174503977,-3.437481745039751e-05,original
lora_fa_medium_classification_seed42,medium,lora_fa,energy_kwh,0.00213238,0.0021661591525297566,-3.377915252975646e-05,original
qlora_medium_classification_seed13,medium,qlora,energy_kwh,0.00339605,0.003350871983720236,4.517801627976388e-05,original
qlora_medium_classification_seed2024,medium,qlora,energy_kwh,0.00348174,0.003325744198087125,0.000155995801912875,original
qlora_medium_classification_seed42,medium,qlora,energy_kwh,0.00343004,0.0036767856399107135,-0.00024674563991071343,original
qlora_large_classification_seed13,large,qlora,energy_kwh,0.00599847,0.004833512836230164,0.0011649571637698357,original
qlora_large_classification_seed2024,large,qlora,energy_kwh,0.0060281,0.00484412279048611,0.0011839772095138899,original
qlora_large_classification_seed42,large,qlora,energy_kwh,0.00601425,0.00483102963728175,0.00118322036271825,original
full_ft_tiny_classification_seed13,tiny,full_ft,wall_clock_seconds,132.28,132.8881108639973,-0.6081108639972967,original
full_ft_tiny_classification_seed2024,tiny,full_ft,wall_clock_seconds,132.95,132.97483361347003,-0.024833613470036653,original
full_ft_tiny_classification_seed42,tiny,full_ft,wall_clock_seconds,131.62,133.83321448773432,-2.2132144877343194,original
lisa_tiny_classification_seed13,tiny,lisa,wall_clock_seconds,69.08,77.49953524531026,-8.419535245310257,original
lisa_tiny_classification_seed2024,tiny,lisa,wall_clock_seconds,69.65,78.15486962752527,-8.504869627525267,original
lisa_tiny_classification_seed42,tiny,lisa,wall_clock_seconds,71.65,77.03403353174592,-5.384033531745914,original
lora_tiny_classification_seed13,tiny,lora,wall_clock_seconds,108.59,111.54986104419889,-2.959861044198888,original
lora_tiny_classification_seed2024,tiny,lora,wall_clock_seconds,105.65,112.08057156530964,-6.430571565309634,original
lora_tiny_classification_seed42,tiny,lora,wall_clock_seconds,105.4,111.67345705898255,-6.273457058982544,original
lora_fa_tiny_classification_seed13,tiny,lora_fa,wall_clock_seconds,102.81,107.41818511904754,-4.608185119047533,original
lora_fa_tiny_classification_seed2024,tiny,lora_fa,wall_clock_seconds,100.83,107.88221865918804,-7.052218659188043,original
lora_fa_tiny_classification_seed42,tiny,lora_fa,wall_clock_seconds,101.96,107.3809259866524,-5.420925986652406,original
qlora_tiny_classification_seed13,tiny,qlora,wall_clock_seconds,162.23,173.29833393294203,-11.06833393294204,original
qlora_tiny_classification_seed2024,tiny,qlora,wall_clock_seconds,165.03,173.21332926046182,-8.183329260461818,original
qlora_tiny_classification_seed42,tiny,qlora,wall_clock_seconds,164.77,170.8785644525611,-6.108564452561097,original
lisa_small_classification_seed13,small,lisa,wall_clock_seconds,116.47,117.32837758144649,-0.85837758144649,original
lisa_small_classification_seed2024,small,lisa,wall_clock_seconds,116.84,117.21045036525967,-0.37045036525967134,original
lisa_small_classification_seed42,small,lisa,wall_clock_seconds,115.98,117.53488461358083,-1.5548846135808247,original
lora_small_classification_seed13,small,lora,wall_clock_seconds,103.56,106.75642904526023,-3.1964290452602313,original
lora_small_classification_seed2024,small,lora,wall_clock_seconds,99.52,107.48946578893327,-7.969465788933277,original
lora_small_classification_seed42,small,lora,wall_clock_seconds,100.16,107.0848859929654,-6.9248859929654,original
lora_fa_small_classification_seed13,small,lora_fa,wall_clock_seconds,98.22,102.25873432539689,-4.038734325396888,original
lora_fa_small_classification_seed2024,small,lora_fa,wall_clock_seconds,98.55,102.39752996302308,-3.847529963023078,original
lora_fa_small_classification_seed42,small,lora_fa,wall_clock_seconds,97.77,103.13469850954603,-5.364698509546031,original
qlora_small_classification_seed13,small,qlora,wall_clock_seconds,153.22,164.41967927669572,-11.199679276695718,original
qlora_small_classification_seed2024,small,qlora,wall_clock_seconds,154.39,163.47847444069816,-9.088474440698178,original
qlora_small_classification_seed42,small,qlora,wall_clock_seconds,152.61,163.5838643541873,-10.973864354187299,original
lisa_medium_classification_seed13,medium,lisa,wall_clock_seconds,139.68,140.17919796987746,-0.4991979698774571,original
lisa_medium_classification_seed2024,medium,lisa,wall_clock_seconds,141.3,139.76034089285704,1.5396591071429668,original
lisa_medium_classification_seed42,medium,lisa,wall_clock_seconds,140.82,139.82171582431454,0.9982841756854555,original
lora_medium_classification_seed2024,medium,lora,wall_clock_seconds,125.38,128.9928500712482,-3.6128500712482037,original
lora_medium_classification_seed42,medium,lora,wall_clock_seconds,125.43,128.61226271735228,-3.1822627173522733,original
lora_fa_medium_classification_seed13,medium,lora_fa,wall_clock_seconds,122.02,124.59291921085867,-2.5729192108586716,original
lora_fa_medium_classification_seed2024,medium,lora_fa,wall_clock_seconds,122.44,125.78133749999995,-3.341337499999952,original
lora_fa_medium_classification_seed42,medium,lora_fa,wall_clock_seconds,121.64,125.6391597018953,-3.9991597018952945,original
qlora_medium_classification_seed13,medium,qlora,wall_clock_seconds,191.64,198.71520312590198,-7.075203125901993,original
qlora_medium_classification_seed2024,medium,qlora,wall_clock_seconds,195.61,197.0347979392135,-1.4247979392134766,original
qlora_medium_classification_seed42,medium,qlora,wall_clock_seconds,193.62,202.1116927335858,-8.491692733585808,original
qlora_large_classification_seed13,large,qlora,wall_clock_seconds,332.38,323.3040103057363,9.075989694263683,original
qlora_large_classification_seed2024,large,qlora,wall_clock_seconds,335.11,323.14897874999974,11.961021250000272,original
qlora_large_classification_seed42,large,qlora,wall_clock_seconds,332.2,321.9739805160808,10.226019483919174,original
full_ft_tiny_classification_seed13,tiny,full_ft,wall_clock_seconds,139.55,132.8881108639973,6.6618891360027135,remeasured
full_ft_tiny_classification_seed2024,tiny,full_ft,wall_clock_seconds,139.2,132.97483361347003,6.225166386529963,remeasured
full_ft_tiny_classification_seed42,tiny,full_ft,wall_clock_seconds,138.46,133.83321448773432,4.626785512265684,remeasured
lisa_medium_classification_seed13,medium,lisa,wall_clock_seconds,140.41,140.17919796987746,0.23080203012253264,remeasured
lisa_medium_classification_seed2024,medium,lisa,wall_clock_seconds,141.68,139.76034089285704,1.9196591071429623,remeasured
lisa_medium_classification_seed42,medium,lisa,wall_clock_seconds,141.83,139.82171582431454,2.008284175685475,remeasured
lisa_small_classification_seed13,small,lisa,wall_clock_seconds,117.64,117.32837758144649,0.3116224185535117,remeasured
lisa_small_classification_seed2024,small,lisa,wall_clock_seconds,117.78,117.21045036525967,0.5695496347403264,remeasured
lisa_small_classification_seed42,small,lisa,wall_clock_seconds,116.82,117.53488461358083,-0.7148846135808355,remeasured
lisa_tiny_classification_seed13,tiny,lisa,wall_clock_seconds,76.48,77.49953524531026,-1.0195352453102515,remeasured
lisa_tiny_classification_seed2024,tiny,lisa,wall_clock_seconds,77.23,78.15486962752527,-0.9248696275252684,remeasured
lisa_tiny_classification_seed42,tiny,lisa,wall_clock_seconds,78.92,77.03403353174592,1.8859664682540824,remeasured
lora_fa_medium_classification_seed13,medium,lora_fa,wall_clock_seconds,130.71,124.59291921085867,6.11708078914134,remeasured
lora_fa_medium_classification_seed2024,medium,lora_fa,wall_clock_seconds,126.74,125.78133749999995,0.9586625000000453,remeasured
lora_fa_medium_classification_seed42,medium,lora_fa,wall_clock_seconds,127.18,125.6391597018953,1.5408402981047118,remeasured
lora_fa_small_classification_seed13,small,lora_fa,wall_clock_seconds,107.05,102.25873432539689,4.79126567460311,remeasured
lora_fa_small_classification_seed2024,small,lora_fa,wall_clock_seconds,106.48,102.39752996302308,4.082470036976929,remeasured
lora_fa_small_classification_seed42,small,lora_fa,wall_clock_seconds,106.08,103.13469850954603,2.9453014904539714,remeasured
lora_fa_tiny_classification_seed13,tiny,lora_fa,wall_clock_seconds,114.46,107.41818511904754,7.041814880952458,remeasured
lora_fa_tiny_classification_seed2024,tiny,lora_fa,wall_clock_seconds,113.42,107.88221865918804,5.537781340811961,remeasured
lora_fa_tiny_classification_seed42,tiny,lora_fa,wall_clock_seconds,113.4,107.3809259866524,6.0190740133476055,remeasured
lora_medium_classification_seed2024,medium,lora,wall_clock_seconds,135.7,128.9928500712482,6.7071499287517895,remeasured
lora_medium_classification_seed42,medium,lora,wall_clock_seconds,134.35,128.61226271735228,5.737737282647714,remeasured
lora_small_classification_seed13,small,lora,wall_clock_seconds,113.16,106.75642904526023,6.403570954739763,remeasured
lora_small_classification_seed2024,small,lora,wall_clock_seconds,112.82,107.48946578893327,5.33053421106672,remeasured
lora_small_classification_seed42,small,lora,wall_clock_seconds,112.54,107.0848859929654,5.455114007034609,remeasured
lora_tiny_classification_seed13,tiny,lora,wall_clock_seconds,117.8,111.54986104419889,6.250138955801106,remeasured
lora_tiny_classification_seed2024,tiny,lora,wall_clock_seconds,119.01,112.08057156530964,6.929428434690365,remeasured
lora_tiny_classification_seed42,tiny,lora,wall_clock_seconds,118.03,111.67345705898255,6.356542941017452,remeasured
qlora_large_classification_seed13,large,qlora,wall_clock_seconds,337.85,323.3040103057363,14.54598969426371,remeasured
qlora_large_classification_seed2024,large,qlora,wall_clock_seconds,340.52,323.14897874999974,17.37102125000024,remeasured
qlora_large_classification_seed42,large,qlora,wall_clock_seconds,338.46,321.9739805160808,16.486019483919165,remeasured
qlora_medium_classification_seed13,medium,qlora,wall_clock_seconds,205.78,198.71520312590198,7.064796874098022,remeasured
qlora_medium_classification_seed2024,medium,qlora,wall_clock_seconds,209.27,197.0347979392135,12.23520206078652,remeasured
qlora_medium_classification_seed42,medium,qlora,wall_clock_seconds,205.86,202.1116927335858,3.7483072664142014,remeasured
qlora_small_classification_seed13,small,qlora,wall_clock_seconds,169.37,164.41967927669572,4.950320723304287,remeasured
qlora_small_classification_seed2024,small,qlora,wall_clock_seconds,170.88,163.47847444069816,7.401525559301831,remeasured
qlora_small_classification_seed42,small,qlora,wall_clock_seconds,169.58,163.5838643541873,5.9961356458127,remeasured
qlora_tiny_classification_seed13,tiny,qlora,wall_clock_seconds,180.09,173.29833393294203,6.7916660670579745,remeasured
qlora_tiny_classification_seed2024,tiny,qlora,wall_clock_seconds,178.23,173.21332926046182,5.016670739538171,remeasured
qlora_tiny_classification_seed42,tiny,qlora,wall_clock_seconds,180.89,170.8785644525611,10.011435547438879,remeasured
