backbone,model_id,method,family,params_b,rank,quant_bits,is_adapter_method,pred_accuracy,pred_peak_vram_gb,pred_energy_kwh,pred_wall_clock_s,pred_carbon_kgco2eq,pred_cost_usd,scope,confidence,scope_reason,scope_caveat,pred_accuracy_band_pct,pred_accuracy_lo,pred_accuracy_hi,pred_peak_vram_gb_band_pct,pred_peak_vram_gb_lo,pred_peak_vram_gb_hi,pred_energy_kwh_band_pct,pred_energy_kwh_lo,pred_energy_kwh_hi,pred_wall_clock_s_band_pct,pred_wall_clock_s_lo,pred_wall_clock_s_hi,implausible,S_Acc,S_Mem,S_C,S_T,gei,on_pareto_front
medium_sl,HuggingFaceTB/SmolLM2-1.7B,qlora,llama,1.7,16,4,1,0.9421363895,5.3290094415,0.0035904145,197.7552668157,0.0023337694,0.0196570562,INTERPOLATED_SCALE,MEDIUM,1.7B between measured tiers,,1.6131283962,0.9269385199,0.9573342592,39.8639141883,3.2046576906,7.4533611923,10.5734851107,0.0032107825,0.0039700464,22.9663102151,152.3381787721,243.1723548593,,0.7457968859,0.6854547009,0.8980085006,0.9125562057,0.7937781413,True
large_phi,microsoft/phi-2,qlora,phi2,2.7,16,4,1,0.9498509899,6.9506226828,0.0052411798,276.7679615577,0.0034067669,0.0275369378,UNSEEN_FAMILY,LOW,"family ""phi2"" not in ['llama', 'qwen']; 2.7B between measured tiers",,1.6131283962,0.9345286738,0.9651733059,39.8639141883,4.179832421,9.7214129446,10.5734851107,0.0046870045,0.0057953552,22.9663102151,213.2045729303,340.331350185,,0.8931425376,0.5560053088,0.8302096613,0.8456139281,0.7859957199,True
medium_q3,Qwen/Qwen3-1.7B,qlora,qwen,1.7,16,4,1,0.9424240839,5.9589413679,0.0036800294,219.993851088,0.0023920191,0.0218298946,INTERPOLATED_SCALE,MEDIUM,1.7B between measured tiers,,1.6131283962,0.9272215734,0.9576265944,39.8639141883,3.5834740945,8.3344086413,10.5734851107,0.0032909221,0.0040691368,22.9663102151,169.469380793,270.518321383,,0.7512917289,0.6351687863,0.8943279095,0.8937149108,0.7793835157,True
small_px,EleutherAI/pythia-1.4b,qlora,gpt_neox,1.4,16,4,1,0.9385868287,5.1240712081,0.003224924,192.4598887896,0.0020962006,0.019098369,UNSEEN_FAMILY,LOW,"family ""gpt_neox"" not in ['llama', 'qwen']; 1.4B between measured tiers",,1.6131283962,0.923446218,0.9537274393,39.8639141883,3.0814158588,7.1667265574,10.5734851107,0.0028839371,0.0035659108,22.9663102151,148.2589536905,236.6608238887,,0.6780017523,0.7018144155,0.9130196161,0.9170426325,0.7785655161,True
medium,Qwen/Qwen2.5-1.5B,qlora,qwen,1.5,16,4,1,0.9400633315,5.6209028319,0.0033998997,208.3668939959,0.0022099348,0.0206658804,MEASURED,HIGH,"(qlora, medium) measured directly",,0.6654432516,0.9338077435,0.9463189195,11.5190002347,4.9734310215,6.2683746423,2.6176641692,0.0033109017,0.0034888976,4.5669849078,198.8508093943,217.8829785976,,0.7062023406,0.6621535703,0.9058331631,0.9035656695,0.774702353,True
large,Qwen/Qwen2.5-3B,qlora,qwen,3.0,16,4,1,0.9513987028,7.5789881789,0.0058857145,318.5073744185,0.0038257145,0.0316722805,MEASURED,HIGH,"(qlora, large) measured directly",,0.6654432516,0.9450676844,0.9577297213,11.5190002347,6.7059645128,8.452011845,2.6176641692,0.0057316463,0.0060397828,4.5669849078,303.9611906986,333.0535581385,,0.9227032107,0.5058444385,0.8037378778,0.8102508592,0.7718793317,True
small,TinyLlama/TinyLlama-1.1B-Chat-v1.0,qlora,llama,1.1,16,4,1,0.9335444245,4.1820686643,0.0028032616,169.0937377372,0.0018221201,0.0167760603,MEASURED,HIGH,"(qlora, small) measured directly",,0.6654432516,0.9273322161,0.9397566329,11.5190002347,3.7003361651,4.6638011636,2.6176641692,0.0027298817,0.0028766416,4.5669849078,161.3712522547,176.8162232198,,0.5816939337,0.777012159,0.9303377757,0.9368392408,0.7709562466,True
large_p3,microsoft/Phi-3-mini-4k-instruct,qlora,phi3,3.8,16,4,1,0.9538561086,7.9966619667,0.0076032375,382.3424873206,0.0049421043,0.0380845748,OUT_OF_RANGE_SCALE,LOW,"3.8B outside measured 0.5-3B; family ""phi3"" not in ['llama', 'qwen']",error band is a LOWER BOUND: the surrogate was never validated outside 0.5-3B,1.6131283962,0.9384691849,0.9692430324,39.8639141883,4.8088795024,11.184444431,10.5734851107,0.0067993103,0.0084071646,22.9663102151,294.5325255984,470.1524490428,,0.9696386373,0.4725025684,0.7331972298,0.7561675519,0.7542236054,True
small,TinyLlama/TinyLlama-1.1B-Chat-v1.0,lora,llama,1.1,16,16,1,0.9399934035,8.9065067198,0.0017435111,108.6011472449,0.0011332822,0.0107676662,MEASURED,HIGH,"(lora, small) measured directly",,0.6654432516,0.9337382809,0.9462485262,11.5190002347,7.8805661898,9.9324472497,2.6176641692,0.0016978719,0.0017891504,4.5669849078,103.6413492405,113.5609452493,,0.7048667461,0.3998719021,0.9738629509,0.988090648,0.7383506716,True
small_px,EleutherAI/pythia-1.4b,lora,gpt_neox,1.4,16,16,1,0.9464912259,11.3061921482,0.0020402994,121.0199208074,0.0013261946,0.0120106616,UNSEEN_FAMILY,LOW,"family ""gpt_neox"" not in ['llama', 'qwen']; 1.4B between measured tiers",,1.6131283962,0.9312231071,0.9617593446,39.8639141883,6.7991014123,15.8132828841,10.5734851107,0.0018245687,0.0022560302,22.9663102151,93.2261103727,148.8137312421,,0.8289724455,0.2083109231,0.9616735129,0.9775690351,0.7292718202,True
medium_sl,HuggingFaceTB/SmolLM2-1.7B,lora,llama,1.7,16,16,1,0.9514911778,12.9673287717,0.0023100722,121.6887754627,0.0015015469,0.0121080618,INTERPOLATED_SCALE,MEDIUM,1.7B between measured tiers,,1.6131283962,0.9361424034,0.9668399521,39.8639141883,7.7980439576,18.1366135858,10.5734851107,0.0020658171,0.0025543274,22.9663102151,93.741353793,149.6361971325,,0.9244694431,0.0757064767,0.950593634,0.9770023584,0.7266896865,True
medium,Qwen/Qwen2.5-1.5B,lora,qwen,1.5,16,16,1,0.9484556095,12.2891366,0.0021632762,130.1052594776,0.0014061295,0.0129087156,MEASURED,HIGH,"(lora, medium) measured directly",,0.6654432516,0.9421441756,0.9547670433,11.5190002347,10.8735509262,13.7047222738,2.6176641692,0.0021066489,0.0022199035,4.5669849078,124.163371913,136.0471470422,,0.8664913534,0.1298448879,0.9566227164,0.9698716231,0.7203696182,True
medium_q3,Qwen/Qwen3-1.7B,lora,qwen,1.7,16,16,1,0.9517788722,13.5972606981,0.0023677305,135.3732963945,0.0015390248,0.0134454204,INTERPOLATED_SCALE,MEDIUM,1.7B between measured tiers,,1.6131283962,0.9364254569,0.9671322874,39.8639141883,8.1768603615,19.0176610348,10.5734851107,0.0021173789,0.0026180821,22.9663102151,104.2830451961,166.4635475929,,0.9299642861,0.0254205621,0.9482255421,0.9654083607,0.7137102803,True
tiny_q3,Qwen/Qwen3-0.6B,qlora,qwen,0.6,16,4,1,0.9202902411,3.2724843731,0.0022325673,167.3954772756,0.0014511687,0.0165424684,INTERPOLATED_SCALE,MEDIUM,0.6B between measured tiers,,1.6131283962,0.9054447779,0.9351357043,39.8639141883,1.9679440108,4.5770247355,10.5734851107,0.0019965071,0.0024686275,22.9663102151,128.9509126784,205.8400418728,,0.3285445533,0.8496220333,0.9537768508,0.9382780656,0.7065820245,True
tiny_q3,Qwen/Qwen3-0.6B,lora,qwen,0.6,16,16,1,0.924362519,5.5762504816,0.0013511248,111.6380983478,0.0008782311,0.011015839,INTERPOLATED_SCALE,MEDIUM,0.6B between measured tiers,,1.6131283962,0.9094513647,0.9392736732,39.8639141883,3.3533387747,7.7991621885,10.5734851107,0.0012082638,0.0014939858,22.9663102151,85.998946363,137.2772503326,,0.4063233642,0.6657180575,0.9899787113,0.9855176383,0.7039650154,True
small,TinyLlama/TinyLlama-1.1B-Chat-v1.0,lora_fa,llama,1.1,16,16,1,0.9322930866,8.6150935615,0.001758952,104.5349392973,0.0011433188,0.0103741933,MEASURED,HIGH,"(lora_fa, small) measured directly",,0.6654432516,0.9260892052,0.938496968,11.5190002347,7.6227209139,9.6074662091,2.6176641692,0.0017129086,0.0018049955,4.5669849078,99.7608443962,109.3090341984,,0.5577939014,0.423134697,0.9732287755,0.9915356795,0.6930490855,True
tiny,Qwen/Qwen2.5-0.5B,lora,qwen,0.5,16,16,1,0.9195968501,4.6408628646,0.0012634134,110.3610873231,0.0008212187,0.0108811598,MEASURED,HIGH,"(lora, tiny) measured directly",,0.6654432516,0.9134774549,0.9257162452,11.5190002347,4.1062818603,5.1754438689,2.6176641692,0.0012303415,0.0012964853,4.5669849078,105.320913121,115.4012615253,,0.315301074,0.7403877477,0.9935811198,0.9865995661,0.6918375277,True
tiny,Qwen/Qwen2.5-0.5B,qlora,qwen,0.5,16,4,1,0.9160028395,2.8214248847,0.0020990611,164.241198521,0.0013643897,0.0162197816,MEASURED,HIGH,"(qlora, tiny) measured directly",,0.6654432516,0.9099073605,0.9220983186,11.5190002347,2.4964249456,3.1464248238,2.6176641692,0.0020441147,0.0021540075,4.5669849078,156.7403277721,171.7420692698,,0.2466569709,0.8856290016,0.9592601046,0.9409504792,0.6886947883,True
small_px,EleutherAI/pythia-1.4b,lora_fa,gpt_neox,1.4,16,16,1,0.9387875176,11.015285057,0.0020587274,116.5190823101,0.0013381728,0.0115752914,UNSEEN_FAMILY,LOW,"family ""gpt_neox"" not in ['llama', 'qwen']; 1.4B between measured tiers",,1.6131283962,0.9236436696,0.9539313657,39.8639141883,6.6241612743,15.4064088398,10.5734851107,0.0018410482,0.0022764067,22.9663102151,89.758948407,143.2792162133,,0.6818348279,0.2315333199,0.960916654,0.9813823005,0.6839620283,False
medium_sl,HuggingFaceTB/SmolLM2-1.7B,lora_fa,llama,1.7,16,16,1,0.9437795339,12.6758317873,0.0023309542,117.1548884592,0.0015151202,0.0116697731,INTERPOLATED_SCALE,MEDIUM,1.7B between measured tiers,,1.6131283962,0.9285551582,0.9590039095,39.8639141883,7.6227490809,17.7289144936,10.5734851107,0.0020844911,0.0025774173,22.9663102151,90.2487333435,144.0610435749,,0.7771802582,0.0989759632,0.9497359882,0.9808436237,0.6813176218,True
micro,HuggingFaceTB/SmolLM2-360M,lora,llama,0.36,16,16,1,0.9107404563,2.5295019726,0.0011071266,98.1234121082,0.0007196323,0.0096726314,OUT_OF_RANGE_SCALE,LOW,0.36B outside measured 0.5-3B,error band is a LOWER BOUND: the surrogate was never validated outside 0.5-3B,1.6131283962,0.8960490434,0.9254318693,39.8639141883,1.5211434769,3.5378604684,10.5734851107,0.0009900647,0.0012241884,22.9663102151,75.5880848898,120.6587393266,,0.1461476445,0.9089324889,1.0,0.9969677462,0.6779299597,True
medium,Qwen/Qwen2.5-1.5B,lora_fa,qwen,1.5,16,16,1,0.9407523552,11.9985245037,0.0021829426,125.2795608659,0.0014189127,0.0124419104,MEASURED,HIGH,"(lora_fa, medium) measured directly",,0.6654432516,0.9344921821,0.9470125283,11.5190002347,10.6164144379,13.3806345694,2.6176641692,0.0021258005,0.0022400847,4.5669849078,119.5580622286,131.0010595032,,0.7193624069,0.1530437359,0.9558149926,0.9739601212,0.6750855428,False
medium_q3,Qwen/Qwen3-1.7B,lora_fa,qwen,1.7,16,16,1,0.9440672283,13.3057637137,0.0023891336,130.3295507671,0.0015529369,0.0129576246,INTERPOLATED_SCALE,MEDIUM,1.7B between measured tiers,,1.6131283962,0.9288382117,0.9592962448,39.8639141883,8.0015654848,18.6099619426,10.5734851107,0.002136519,0.0026417483,22.9663102151,100.397661836,160.2614396982,,0.7826751012,0.0486900486,0.9473464899,0.9696815958,0.6683976594,False
micro,HuggingFaceTB/SmolLM2-360M,qlora,llama,0.36,16,4,1,0.9078169202,1.3886987644,0.0018537239,144.5291859594,0.0012049205,0.0142738955,OUT_OF_RANGE_SCALE,LOW,0.36B outside measured 0.5-3B,error band is a LOWER BOUND: the surrogate was never validated outside 0.5-3B,1.6131283962,0.8931726676,0.9224611727,39.8639141883,0.8351090806,1.9422884482,10.5734851107,0.0016577206,0.0020497271,22.9663102151,111.3361647606,177.7222071583,,0.0903093219,1.0,0.9693363873,0.9576511755,0.6675900358,True
tiny_q3,Qwen/Qwen3-0.6B,lora_fa,qwen,0.6,16,16,1,0.9166949404,5.2882920808,0.0013633628,107.5311512833,0.0008861858,0.010618021,INTERPOLATED_SCALE,MEDIUM,0.6B between measured tiers,,1.6131283962,0.901907474,0.9314824068,39.8639141883,3.1801718637,7.396412298,10.5734851107,0.0012192078,0.0015075178,22.9663102151,82.8352135017,132.2270890649,,0.2598758083,0.6887050676,0.9894760823,0.9889971854,0.6588513982,True
tiny,Qwen/Qwen2.5-0.5B,lora_fa,qwen,0.5,16,16,1,0.9119358147,4.3535951245,0.0012749079,106.3155491627,0.0008286901,0.0104892229,MEASURED,HIGH,"(lora_fa, tiny) measured directly",,0.6654432516,0.9058673994,0.9180042301,11.5190002347,3.8521044919,4.8550857571,2.6176641692,0.001241535,0.0013082807,4.5669849078,101.4601340778,111.1709642476,,0.168978492,0.7633196241,0.9931090287,0.9900270854,0.6467536982,True
micro,HuggingFaceTB/SmolLM2-360M,lora_fa,llama,0.36,16,16,1,0.9030885803,2.2432002934,0.0011172614,94.5444101535,0.0007262199,0.009325889,OUT_OF_RANGE_SCALE,LOW,0.36B outside measured 0.5-3B,error band is a LOWER BOUND: the surrogate was never validated outside 0.5-3B,1.6131283962,0.8885206019,0.9176565586,39.8639141883,1.3489728534,3.1374277334,10.5734851107,0.000999128,0.0012353949,22.9663102151,72.8310476266,116.2577726804,,0.0,0.931787247,0.9995837495,1.0,0.6328427491,True
small_px,EleutherAI/pythia-1.4b,lisa,gpt_neox,1.4,0,16,0,0.9330069944,13.9157042186,0.0024143886,132.3256828082,0.0015693526,0.0131547236,UNSEEN_FAMILY,LOW,"family ""gpt_neox"" not in ['llama', 'qwen']; 1.4B between measured tiers",,1.6131283962,0.9179563937,0.9480575952,39.8639141883,8.3683598302,19.463048607,10.5734851107,0.0021591035,0.0026696736,22.9663102151,101.9353560002,162.7160096162,,0.5714292436,0.0,0.9463092414,0.9679904039,0.5817761062,False
small,TinyLlama/TinyLlama-1.1B-Chat-v1.0,lisa,llama,1.1,0,16,0,0.9213170345,11.0431530422,0.0020330109,109.7352027461,0.0013214571,0.0109126616,MEASURED,HIGH,"(lisa, small) measured directly",,0.6654432516,0.9151861924,0.9274478765,11.5190002347,9.7710922173,12.315213867,2.6176641692,0.0019797935,0.0020862283,4.5669849078,104.7236125981,114.746792894,,0.3481558796,0.2293086873,0.9619728617,0.9871298371,0.5677444207,False
xl_mis,HuggingFaceH4/zephyr-7b-beta,qlora,mistral,7.2,16,4,1,0.9554457435,10.2526325102,0.0222458808,1069.363515489,0.0144598225,0.106635403,OUT_OF_RANGE_SCALE,LOW,"7.2B outside measured 0.5-3B; family ""mistral"" not in ['llama', 'qwen']",error band is a LOWER BOUND: the surrogate was never validated outside 0.5-3B,1.6131283962,0.9400331769,0.9708583101,39.8639141883,6.1655318843,14.3397331361,10.5734851107,0.0198937159,0.0245980457,22.9663102151,823.7701731946,1314.9568577833,,1.0,0.2924139949,0.1318069715,0.1740996632,0.4821701911,True
tiny_q3,Qwen/Qwen3-0.6B,full_ft,qwen,0.6,0,32,0,0.9127470577,12.9137698119,0.002586382,141.2484153845,0.0016811483,0.0140428507,INTERPOLATED_SCALE,MEDIUM,0.6B between measured tiers,,1.6131283962,0.8980232757,0.9274708396,39.8639141883,7.7658356956,18.0617039282,10.5734851107,0.0023129112,0.0028598527,22.9663102151,108.8088661334,173.6879646356,,0.1844728935,0.0799819566,0.939245274,0.9604307574,0.463436934,False
tiny,Qwen/Qwen2.5-0.5B,full_ft,qwen,0.5,0,32,0,0.9049860945,11.0834821553,0.0023664901,134.2932022638,0.0015382185,0.0133402624,MEASURED,HIGH,"(full_ft, tiny) measured directly",,0.6654432516,0.8989639256,0.9110082634,11.5190002347,9.8067758199,12.3601884908,2.6176641692,0.0023045433,0.0024284368,4.5669849078,128.1600519842,140.4263525434,,0.0362417312,0.2260893135,0.9482764882,0.9663234536,0.4512245744,False
xl,Qwen/Qwen2.5-7B,qlora,qwen,7.6,16,4,1,0.9552297855,10.7834557228,0.0254551155,1274.8552319978,0.0165458251,0.1269988725,OUT_OF_RANGE_SCALE,LOW,7.6B outside measured 0.5-3B,error band is a LOWER BOUND: the surrogate was never validated outside 0.5-3B,1.6131283962,0.9398207025,0.9706388684,39.8639141883,6.484748187,15.0821632587,10.5734851107,0.0227636227,0.0281466083,22.9663102151,982.0680246237,1567.642439372,,0.995875292,0.2500396848,0.0,0.0,0.4110662734,False
