target,backbone,method,actual,predicted
accuracy,tiny,full_ft,0.9117,0.9132818697421803
accuracy,tiny,full_ft,0.9048,0.9132818697421803
accuracy,tiny,full_ft,0.8991,0.9132818697421803
accuracy,medium,lisa,0.9438,0.9203053237010748
accuracy,medium,lisa,0.9335,0.9203053237010748
accuracy,medium,lisa,0.9369,0.9203053237010748
accuracy,small,lisa,0.9186,0.922251873504303
accuracy,small,lisa,0.9266,0.922251873504303
accuracy,small,lisa,0.9151,0.922251873504303
accuracy,tiny,lisa,0.8635,0.9155680094153323
accuracy,tiny,lisa,0.9071,0.9155680094153323
accuracy,tiny,lisa,0.8899,0.9155680094153323
accuracy,medium,lora,0.9461,0.9349472848849488
accuracy,medium,lora,0.9495,0.9349472848849488
accuracy,small,lora,0.9404,0.9379664328926918
accuracy,small,lora,0.9495,0.9379664328926918
accuracy,small,lora,0.9415,0.9379664328926918
accuracy,tiny,lora,0.9163,0.9372064023401405
accuracy,tiny,lora,0.9174,0.9372064023401405
accuracy,tiny,lora,0.9186,0.9372064023401405
accuracy,medium,lora_fa,0.9438,0.926086047549244
accuracy,medium,lora_fa,0.9392,0.926086047549244
accuracy,medium,lora_fa,0.9461,0.926086047549244
accuracy,small,lora_fa,0.9243,0.9352383833622724
accuracy,small,lora_fa,0.9255,0.9352383833622724
accuracy,small,lora_fa,0.9255,0.9352383833622724
accuracy,tiny,lora_fa,0.9174,0.9266851588770317
accuracy,tiny,lora_fa,0.9151,0.9266851588770317
accuracy,tiny,lora_fa,0.914,0.9266851588770317
accuracy,large,qlora,0.9472,0.9753182051028847
accuracy,large,qlora,0.9495,0.9753182051028847
accuracy,large,qlora,0.9484,0.9753182051028847
accuracy,medium,qlora,0.9438,0.9334443140592822
accuracy,medium,qlora,0.9404,0.9334443140592822
accuracy,medium,qlora,0.9461,0.9334443140592822
accuracy,small,qlora,0.9358,0.9310878129155647
accuracy,small,qlora,0.9427,0.9310878129155647
accuracy,small,qlora,0.9358,0.9310878129155647
accuracy,tiny,qlora,0.9025,0.940867323999979
accuracy,tiny,qlora,0.9163,0.940867323999979
accuracy,tiny,qlora,0.9163,0.940867323999979
peak_gpu_memory_gb,tiny,full_ft,11.146,11.826924147917502
peak_gpu_memory_gb,tiny,full_ft,11.143,11.826924147917502
peak_gpu_memory_gb,tiny,full_ft,11.0905,11.826924147917502
peak_gpu_memory_gb,medium,lisa,14.4835,13.684958699587744
peak_gpu_memory_gb,medium,lisa,15.5835,13.684958699587744
peak_gpu_memory_gb,medium,lisa,15.5625,13.684958699587744
peak_gpu_memory_gb,small,lisa,10.891,11.848531093996703
peak_gpu_memory_gb,small,lisa,10.817499999999999,11.848531093996703
peak_gpu_memory_gb,small,lisa,10.9235,11.848531093996703
peak_gpu_memory_gb,tiny,lisa,4.8365,8.870155426261793
peak_gpu_memory_gb,tiny,lisa,5.2675,8.870155426261793
peak_gpu_memory_gb,tiny,lisa,5.231,8.870155426261793
peak_gpu_memory_gb,medium,lora,10.929,11.547347971829542
peak_gpu_memory_gb,medium,lora,13.006,11.547347971829542
peak_gpu_memory_gb,small,lora,10.733,9.208404414520109
peak_gpu_memory_gb,small,lora,8.812999999999999,9.208404414520109
peak_gpu_memory_gb,small,lora,8.7385,9.208404414520109
peak_gpu_memory_gb,tiny,lora,3.896,8.280020083645658
peak_gpu_memory_gb,tiny,lora,4.5649999999999995,8.280020083645658
peak_gpu_memory_gb,tiny,lora,4.57,8.280020083645658
peak_gpu_memory_gb,medium,lora_fa,10.593499999999999,11.07798182548483
peak_gpu_memory_gb,medium,lora_fa,13.037500000000001,11.07798182548483
peak_gpu_memory_gb,medium,lora_fa,12.98,11.07798182548483
peak_gpu_memory_gb,small,lora_fa,7.630000000000001,9.293372859150338
peak_gpu_memory_gb,small,lora_fa,8.775,9.293372859150338
peak_gpu_memory_gb,small,lora_fa,8.73,9.293372859150338
peak_gpu_memory_gb,tiny,lora_fa,3.7775,7.876407324067104
peak_gpu_memory_gb,tiny,lora_fa,4.566000000000001,7.876407324067104
peak_gpu_memory_gb,tiny,lora_fa,4.558,7.876407324067104
peak_gpu_memory_gb,large,qlora,7.146,10.74351183389896
peak_gpu_memory_gb,large,qlora,7.140000000000001,10.74351183389896
peak_gpu_memory_gb,large,qlora,7.138,10.743511833898959
peak_gpu_memory_gb,medium,qlora,8.567499999999999,4.4855827626712435
peak_gpu_memory_gb,medium,qlora,6.0215,4.4855827626712435
peak_gpu_memory_gb,medium,qlora,4.6635,4.4855827626712435
peak_gpu_memory_gb,small,qlora,5.516,4.845850568800383
peak_gpu_memory_gb,small,qlora,3.1665,4.845850568800383
peak_gpu_memory_gb,small,qlora,3.1915,4.845850568800383
peak_gpu_memory_gb,tiny,qlora,3.33,5.079526227431973
peak_gpu_memory_gb,tiny,qlora,2.387,5.079526227431973
peak_gpu_memory_gb,tiny,qlora,2.572,5.079526227431974
energy_kwh,tiny,full_ft,0.00239411,0.0011991809641082058
energy_kwh,tiny,full_ft,0.00237976,0.0011991809641082058
energy_kwh,tiny,full_ft,0.00240937,0.0011991809641082058
energy_kwh,medium,lisa,0.0025163,0.0029158762553504556
energy_kwh,medium,lisa,0.00252961,0.0029158762553504556
energy_kwh,medium,lisa,0.00253723,0.0029158762553504556
energy_kwh,small,lisa,0.00209492,0.0020415017213262867
energy_kwh,small,lisa,0.00207034,0.0020415017213262867
energy_kwh,small,lisa,0.00209872,0.0020415017213262867
energy_kwh,tiny,lisa,0.00124387,0.0015118445992540913
energy_kwh,tiny,lisa,0.00127987,0.0015118445992540913
energy_kwh,tiny,lisa,0.0012547,0.0015118445992540913
energy_kwh,medium,lora,0.00216023,0.002345382944850048
energy_kwh,medium,lora,0.00220031,0.002345382944850048
energy_kwh,small,lora,0.00180621,0.0017800037028187618
energy_kwh,small,lora,0.00176415,0.0017800037028187618
energy_kwh,small,lora,0.00175148,0.0017800037028187618
energy_kwh,tiny,lora,0.00115775,0.0013181505616172244
energy_kwh,tiny,lora,0.00121608,0.0013181505616172244
energy_kwh,tiny,lora,0.0012918,0.0013181505616172244
energy_kwh,medium,lora_fa,0.00222269,0.0023830973224213416
energy_kwh,medium,lora_fa,0.00213238,0.0023830973224213416
energy_kwh,medium,lora_fa,0.00212259,0.0023830973224213416
energy_kwh,small,lora_fa,0.00173334,0.0018238076559919398
energy_kwh,small,lora_fa,0.00172196,0.0018238076559919398
energy_kwh,small,lora_fa,0.00173377,0.0018238076559919398
energy_kwh,tiny,lora_fa,0.0012967,0.0012983278562600524
energy_kwh,tiny,lora_fa,0.00130385,0.0012983278562600524
energy_kwh,tiny,lora_fa,0.00129812,0.0012983278562600524
energy_kwh,large,qlora,0.00599847,0.005641244343344283
energy_kwh,large,qlora,0.00601425,0.005641244343344283
energy_kwh,large,qlora,0.0060281,0.005641244343344283
energy_kwh,medium,qlora,0.00339605,0.0034468304907812326
energy_kwh,medium,qlora,0.00343004,0.0034468304907812326
energy_kwh,medium,qlora,0.00348174,0.0034468304907812326
energy_kwh,small,qlora,0.0027257,0.0029279167815085914
energy_kwh,small,qlora,0.00269835,0.0029279167815085914
energy_kwh,small,qlora,0.00272738,0.0029279167815085914
energy_kwh,tiny,qlora,0.00214066,0.001900599355285076
energy_kwh,tiny,qlora,0.00213814,0.001900599355285076
energy_kwh,tiny,qlora,0.00216281,0.001900599355285076
wall_clock_seconds,tiny,full_ft,135.91500000000002,69.15819427217045
wall_clock_seconds,tiny,full_ft,135.04000000000002,69.15819427217045
wall_clock_seconds,tiny,full_ft,136.075,69.15819427217045
wall_clock_seconds,medium,lisa,140.04500000000002,187.55501582869488
wall_clock_seconds,medium,lisa,141.325,187.55501582869488
wall_clock_seconds,medium,lisa,141.49,187.55501582869488
wall_clock_seconds,small,lisa,117.055,115.58625711707036
wall_clock_seconds,small,lisa,116.4,115.58625711707036
wall_clock_seconds,small,lisa,117.31,115.58625711707036
wall_clock_seconds,tiny,lisa,72.78,87.4440088698434
wall_clock_seconds,tiny,lisa,75.285,87.4440088698434
wall_clock_seconds,tiny,lisa,73.44,87.4440088698434
wall_clock_seconds,medium,lora,129.89,150.04379127542
wall_clock_seconds,medium,lora,130.54,150.04379127542
wall_clock_seconds,small,lora,108.36,123.43244982547931
wall_clock_seconds,small,lora,106.35,123.43244982547931
wall_clock_seconds,small,lora,106.16999999999999,123.43244982547931
wall_clock_seconds,tiny,lora,113.195,81.6047718830286
wall_clock_seconds,tiny,lora,111.715,81.6047718830286
wall_clock_seconds,tiny,lora,112.33000000000001,81.6047718830286
wall_clock_seconds,medium,lora_fa,126.36500000000001,144.5582667018746
wall_clock_seconds,medium,lora_fa,124.41,144.5582667018746
wall_clock_seconds,medium,lora_fa,124.59,144.5582667018746
wall_clock_seconds,small,lora_fa,102.63499999999999,118.7993863589071
wall_clock_seconds,small,lora_fa,101.925,118.7993863589071
wall_clock_seconds,small,lora_fa,102.515,118.7993863589071
wall_clock_seconds,tiny,lora_fa,108.63499999999999,78.77529689127252
wall_clock_seconds,tiny,lora_fa,107.68,78.77529689127252
wall_clock_seconds,tiny,lora_fa,107.125,78.77529689127252
wall_clock_seconds,large,qlora,335.115,239.11192688213498
wall_clock_seconds,large,qlora,335.33,239.11192688213498
wall_clock_seconds,large,qlora,337.815,239.11192688213498
wall_clock_seconds,medium,qlora,198.70999999999998,227.2925420653391
wall_clock_seconds,medium,qlora,199.74,227.2925420653391
wall_clock_seconds,medium,qlora,202.44,227.2925420653391
wall_clock_seconds,small,qlora,161.29500000000002,194.44794728263608
wall_clock_seconds,small,qlora,161.09500000000003,194.44794728263608
wall_clock_seconds,small,qlora,162.635,194.44794728263608
wall_clock_seconds,tiny,qlora,171.16,116.44811934881288
wall_clock_seconds,tiny,qlora,172.82999999999998,116.44811934881288
wall_clock_seconds,tiny,qlora,171.63,116.44811934881288
