idx,label,pred,p_pos
0,1,1,0.996364
1,1,1,0.997155
2,1,1,0.998567
3,1,1,0.998731
4,1,1,0.990821
5,0,0,0.008813
6,1,1,0.993747
7,0,0,0.001901
8,1,1,0.993735
9,0,0,0.001022
10,0,0,0.006552
11,1,1,0.770292
12,1,1,0.998364
13,1,1,0.932330
14,1,1,0.953013
15,0,0,0.001714
16,1,1,0.998807
17,0,0,0.027195
18,1,1,0.950227
19,0,0,0.001475
20,0,0,0.008046
21,1,1,0.999642
22,0,0,0.010611
23,0,0,0.008156
24,0,0,0.002839
25,0,0,0.002952
26,0,0,0.001731
27,1,1,0.860604
28,0,0,0.001853
29,1,0,0.493496
30,1,1,0.998943
31,1,1,0.996441
32,1,1,0.999598
33,0,0,0.019833
34,1,1,0.979016
35,0,1,0.964288
36,1,1,0.994910
37,1,1,0.999288
38,0,0,0.002243
39,1,1,0.997404
40,1,1,0.942029
41,0,0,0.045777
42,0,1,0.919859
43,1,1,0.727589
44,1,1,0.994760
45,0,0,0.173989
46,1,1,0.995575
47,1,1,0.997681
48,0,0,0.012265
49,1,1,0.996293
50,1,1,0.981875
51,1,1,0.999651
52,1,1,0.997957
53,1,1,0.998430
54,1,1,0.992525
55,1,1,0.987520
56,0,0,0.003976
57,1,1,0.998448
58,1,1,0.992437
59,1,1,0.944382
60,0,1,0.953232
61,1,0,0.034424
62,1,1,0.997744
63,0,0,0.000724
64,0,0,0.001595
65,1,1,0.995993
66,0,0,0.001053
67,1,1,0.996198
68,0,1,0.895065
69,0,0,0.069795
70,1,1,0.998853
71,0,0,0.001620
72,0,0,0.063773
73,1,1,0.997264
74,1,1,0.998393
75,1,1,0.989889
76,0,0,0.041813
77,1,1,0.998551
78,1,1,0.999183
79,1,1,0.999053
80,0,0,0.011597
81,1,1,0.910227
82,0,0,0.001968
83,0,0,0.005566
84,0,0,0.001495
85,0,0,0.005664
86,0,0,0.019087
87,1,1,0.998723
88,1,0,0.252200
89,0,0,0.002132
90,1,1,0.998519
91,0,0,0.002145
92,1,1,0.999581
93,0,1,0.996846
94,0,0,0.003370
95,0,0,0.489870
96,0,0,0.002689
97,1,1,0.998937
98,1,1,0.998862
99,1,1,0.835685
100,1,1,0.998748
101,0,0,0.023286
102,1,1,0.997464
103,0,0,0.002310
104,0,0,0.002107
105,0,0,0.001828
106,0,0,0.034619
107,0,0,0.000451
108,0,1,0.583826
109,1,1,0.760295
110,0,0,0.002531
111,1,1,0.997838
112,0,0,0.012054
113,1,1,0.999761
114,0,0,0.001279
115,1,1,0.919281
116,0,0,0.005797
117,0,0,0.002541
118,0,0,0.004477
119,0,0,0.001507
120,1,1,0.992947
121,1,1,0.995189
122,1,1,0.997589
123,0,0,0.005302
124,0,1,0.959078
125,1,1,0.984246
126,1,1,0.987592
127,1,1,0.986389
128,1,1,0.974435
129,1,1,0.999429
130,1,1,0.996286
131,0,0,0.004248
132,1,1,0.995727
133,1,1,0.998667
134,0,0,0.023264
135,0,0,0.279042
136,1,1,0.996031
137,0,0,0.001741
138,1,1,0.998085
139,1,1,0.999588
140,0,0,0.005620
141,0,0,0.001044
142,0,0,0.015968
143,1,1,0.999253
144,0,0,0.036186
145,1,1,0.986904
146,1,1,0.975969
147,0,0,0.006015
148,1,1,0.999205
149,0,0,0.001383
150,0,0,0.001116
151,1,1,0.999539
152,1,1,0.996966
153,0,0,0.006278
154,1,1,0.999288
155,1,1,0.998988
156,1,1,0.998031
157,1,1,0.995946
158,1,1,0.998762
159,0,0,0.001810
160,0,0,0.007135
161,0,0,0.012945
162,0,0,0.018212
163,1,1,0.997384
164,0,0,0.037928
165,0,0,0.001579
166,0,0,0.000785
167,1,1,0.992031
168,0,0,0.002178
169,0,0,0.002929
170,0,0,0.007923
171,1,1,0.998828
172,0,0,0.005364
173,0,0,0.002856
174,1,1,0.996564
175,1,1,0.999503
176,1,1,0.999186
177,1,1,0.999492
178,0,0,0.002059
179,1,1,0.976780
180,0,0,0.021595
181,1,1,0.999816
182,1,1,0.998736
183,0,1,0.742141
184,0,0,0.058723
185,1,1,0.999883
186,0,0,0.003286
187,1,1,0.999092
188,1,1,0.990292
189,1,1,0.999084
190,0,0,0.016184
191,1,1,0.958109
192,0,0,0.004408
193,1,1,0.998592
194,1,1,0.993029
195,0,0,0.002637
196,1,1,0.818882
197,0,0,0.002742
198,1,1,0.999582
199,0,0,0.012218
200,1,1,0.993176
201,0,0,0.004281
202,0,1,0.971859
203,1,1,0.999631
204,0,0,0.006476
205,0,0,0.005664
206,0,0,0.001272
207,0,0,0.001125
208,1,1,0.989592
209,0,0,0.003075
210,0,0,0.001204
211,0,0,0.001063
212,1,1,0.999167
213,1,1,0.995217
214,0,0,0.002095
215,0,0,0.000815
216,1,1,0.998380
217,0,0,0.030821
218,1,1,0.998728
219,1,1,0.991456
220,1,1,0.995226
221,1,1,0.998496
222,0,0,0.010489
223,1,1,0.999137
224,0,0,0.050752
225,1,1,0.998617
226,0,0,0.005364
227,0,0,0.001972
228,1,1,0.999672
229,1,1,0.997859
230,0,0,0.002806
231,1,1,0.997735
232,0,0,0.002392
233,1,1,0.848345
234,1,1,0.996093
235,0,0,0.007066
236,0,0,0.001623
237,1,1,0.999370
238,1,1,0.996577
239,0,0,0.004240
240,0,0,0.225161
241,1,1,0.994677
242,1,1,0.858659
243,1,1,0.995618
244,1,0,0.074770
245,1,1,0.945147
246,1,1,0.998698
247,0,0,0.007861
248,1,1,0.973368
249,0,0,0.004830
250,1,1,0.996790
251,0,0,0.019382
252,0,0,0.013663
253,1,0,0.037117
254,0,1,0.964722
255,1,1,0.999748
256,0,0,0.001528
257,0,0,0.002283
258,0,0,0.026355
259,0,0,0.006590
260,0,0,0.001835
261,0,0,0.002987
262,1,1,0.955152
263,0,0,0.006121
264,1,1,0.993229
265,1,1,0.999570
266,1,1,0.999515
267,1,1,0.995381
268,1,1,0.973190
269,0,0,0.003130
270,0,0,0.001868
271,1,1,0.998531
272,0,0,0.000859
273,0,0,0.069038
274,1,1,0.761982
275,1,1,0.978156
276,0,0,0.292292
277,0,0,0.003810
278,1,0,0.056236
279,1,1,0.999271
280,0,0,0.010632
281,1,1,0.945701
282,0,1,0.978156
283,0,0,0.003286
284,0,0,0.014200
285,1,0,0.040579
286,0,0,0.002328
287,1,1,0.973894
288,1,1,0.986071
289,0,0,0.002204
290,1,0,0.414899
291,1,1,0.998871
292,0,0,0.009541
293,1,1,0.998696
294,1,1,0.994054
295,0,1,0.610773
296,0,0,0.057546
297,0,0,0.020804
298,1,1,0.985608
299,1,1,0.999405
300,0,0,0.182207
301,1,1,0.999011
302,0,0,0.001567
303,1,1,0.996385
304,0,0,0.001287
305,1,1,0.994043
306,0,1,0.996031
307,1,1,0.997981
308,0,0,0.076961
309,0,0,0.007696
310,0,0,0.002502
311,0,0,0.003477
312,1,1,0.997048
313,1,1,0.923316
314,1,1,0.998844
315,1,1,0.988646
316,1,1,0.997917
317,0,0,0.002221
318,1,1,0.722576
319,0,0,0.034359
320,1,1,0.998490
321,1,1,0.995609
322,1,1,0.999690
323,1,0,0.211498
324,1,0,0.018582
325,0,0,0.002397
326,0,0,0.014420
327,0,1,0.846006
328,1,1,0.999198
329,0,0,0.007816
330,1,1,0.999087
331,1,1,0.999115
332,1,1,0.830388
333,1,1,0.998430
334,1,1,0.999574
335,1,1,0.998800
336,0,0,0.004925
337,0,0,0.002969
338,0,0,0.000989
339,0,0,0.006463
340,0,1,0.991032
341,0,0,0.001803
342,0,0,0.002526
343,0,0,0.002204
344,1,1,0.958693
345,0,0,0.001567
346,1,1,0.993867
347,0,0,0.003241
348,1,1,0.996517
349,1,1,0.996931
350,0,0,0.043447
351,1,1,0.997965
352,1,1,0.991938
353,1,1,0.999279
354,0,0,0.443164
355,0,1,0.927888
356,1,1,0.988039
357,0,0,0.001701
358,1,1,0.998565
359,1,1,0.998114
360,1,1,0.992349
361,1,1,0.992259
362,0,0,0.011915
363,1,1,0.996434
364,1,1,0.996701
365,1,1,0.998066
366,0,0,0.072440
367,1,1,0.995408
368,0,0,0.001299
369,0,0,0.093430
370,1,1,0.973569
371,0,0,0.010798
372,0,0,0.008204
373,1,1,0.998332
374,0,0,0.064124
375,1,1,0.998774
376,1,1,0.988492
377,1,1,0.986979
378,0,0,0.003470
379,1,1,0.996123
380,0,0,0.010268
381,1,1,0.998840
382,1,1,0.999329
383,0,0,0.001860
384,0,0,0.003700
385,1,1,0.655005
386,0,0,0.013663
387,0,0,0.001302
388,1,1,0.997077
389,0,0,0.075109
390,1,1,0.998982
391,0,0,0.003130
392,0,0,0.003148
393,1,0,0.035511
394,0,0,0.003279
395,1,1,0.997503
396,1,1,0.996161
397,0,0,0.000838
398,1,1,0.996427
399,1,1,0.999797
400,0,0,0.011778
401,1,1,0.969928
402,1,1,0.999301
403,1,0,0.011846
404,0,0,0.005980
405,1,1,0.992525
406,1,1,0.998309
407,0,0,0.001399
408,0,0,0.011732
409,0,0,0.001259
410,1,1,0.999023
411,0,0,0.047514
412,1,1,0.998478
413,1,1,0.999396
414,1,1,0.996455
415,1,1,0.788665
416,0,0,0.001704
417,0,0,0.000843
418,1,1,0.998276
419,1,1,0.998183
420,0,0,0.026431
421,0,0,0.001741
422,0,0,0.000991
423,0,0,0.002998
424,1,1,0.987129
425,1,1,0.999716
426,1,1,0.990874
427,1,1,0.972571
428,1,1,0.996161
429,0,0,0.002952
430,0,0,0.005364
431,0,0,0.014392
432,1,1,0.999396
433,0,0,0.003969
434,0,0,0.005011
435,1,1,0.996544
436,0,0,0.002191
437,0,0,0.001923
438,0,1,0.825308
439,0,0,0.002145
440,1,0,0.048541
441,0,0,0.002453
442,1,1,0.995336
443,0,0,0.002647
444,0,0,0.011915
445,1,1,0.999433
446,0,0,0.001082
447,0,0,0.007149
448,0,0,0.007261
449,1,1,0.998654
450,0,0,0.032040
451,0,0,0.006181
452,0,0,0.001949
453,1,1,0.999502
454,1,1,0.998943
455,0,0,0.011180
456,0,0,0.000924
457,0,0,0.008046
458,1,1,0.952706
459,1,1,0.998004
460,1,0,0.003112
461,0,0,0.000962
462,0,0,0.013480
463,1,1,0.999075
464,0,0,0.004592
465,0,0,0.000798
466,1,1,0.999032
467,1,1,0.998245
468,0,0,0.002230
469,1,1,0.944280
470,1,1,0.998700
471,1,1,0.997373
472,0,0,0.008300
473,1,1,0.996882
474,1,1,0.999272
475,0,0,0.001901
476,1,1,0.998789
477,1,1,0.981648
478,1,1,0.994820
479,0,0,0.000997
480,0,0,0.002406
481,0,1,0.543174
482,0,0,0.001118
483,1,1,0.983118
484,1,1,0.998073
485,1,1,0.999622
486,0,0,0.126893
487,1,1,0.991439
488,1,1,0.994020
489,1,1,0.989531
490,0,0,0.002323
491,1,0,0.040617
492,0,1,0.993771
493,1,1,0.999185
494,1,1,0.998496
495,1,1,0.998533
496,1,1,0.999297
497,0,0,0.217421
498,0,0,0.411288
499,0,0,0.254139
500,0,1,0.527497
501,0,0,0.003222
502,0,0,0.147310
503,0,0,0.007317
504,1,0,0.269085
505,0,0,0.123102
506,0,0,0.078360
507,1,0,0.163445
508,0,0,0.010530
509,0,0,0.002785
510,0,0,0.099733
511,0,0,0.013902
512,1,1,0.999459
513,1,1,0.996350
514,1,1,0.999369
515,1,1,0.999345
516,1,1,0.970465
517,0,0,0.040313
518,1,1,0.999221
519,0,0,0.001765
520,1,0,0.448804
521,0,0,0.002828
522,1,1,0.855911
523,0,0,0.004126
524,0,0,0.237930
525,1,1,0.986853
526,0,0,0.000482
527,1,1,0.999547
528,0,0,0.002141
529,0,0,0.002274
530,0,0,0.001546
531,1,1,0.999603
532,0,1,0.537717
533,0,0,0.001272
534,1,1,0.999403
535,1,1,0.999460
536,1,1,0.998528
537,1,1,0.977457
538,0,0,0.048586
539,0,0,0.001090
540,0,0,0.006314
541,1,1,0.999149
542,1,1,0.999576
543,0,0,0.136551
544,0,1,0.863046
545,1,1,0.999775
546,0,0,0.005200
547,1,1,0.999446
548,1,1,0.998051
549,0,0,0.009596
550,0,0,0.011823
551,0,0,0.003671
552,1,1,0.997150
553,0,0,0.001057
554,1,1,0.999474
555,0,0,0.004094
556,0,0,0.001048
557,1,1,0.998531
558,1,1,0.998897
559,1,1,0.997631
560,0,0,0.003436
561,1,1,0.748812
562,1,1,0.976669
563,1,1,0.962356
564,1,1,0.998644
565,0,1,0.948917
566,0,0,0.019909
567,0,0,0.004774
568,1,1,0.998172
569,1,1,0.999092
570,0,0,0.002031
571,0,0,0.026506
572,1,1,0.997296
573,1,1,0.997484
574,1,1,0.996858
575,1,1,0.998675
576,1,1,0.988062
577,0,1,0.994920
578,0,1,0.985718
579,0,0,0.001779
580,0,0,0.002292
581,0,0,0.032314
582,1,1,0.985608
583,1,1,0.999047
584,0,0,0.333395
585,1,1,0.999657
586,1,1,0.996489
587,0,1,0.986337
588,1,1,0.994191
589,1,1,0.991875
590,0,0,0.002221
591,1,1,0.990514
592,1,0,0.047558
593,0,0,0.000680
594,1,1,0.994667
595,0,0,0.002647
596,1,1,0.999569
597,0,0,0.009975
598,0,0,0.017678
599,0,0,0.013274
600,1,1,0.999529
601,0,1,0.996329
602,0,0,0.000789
603,1,1,0.926370
604,1,1,0.996960
605,0,0,0.008413
606,1,0,0.262275
607,0,0,0.002265
608,0,0,0.001416
609,0,0,0.013274
610,1,1,0.994541
611,1,1,0.999233
612,0,0,0.007389
613,0,0,0.042444
614,0,0,0.001449
615,0,0,0.000853
616,0,0,0.004207
617,0,0,0.184915
618,0,0,0.010408
619,0,0,0.031889
620,0,0,0.061031
621,0,1,0.971913
622,0,0,0.015277
623,1,1,0.996894
624,1,1,0.986389
625,1,1,0.996307
626,0,0,0.001292
627,0,0,0.004391
628,0,0,0.001492
629,0,0,0.004207
630,1,1,0.998269
631,0,0,0.001796
632,0,0,0.001782
633,1,1,0.977457
634,0,0,0.030358
635,1,1,0.999426
636,0,1,0.992062
637,0,0,0.007374
638,0,1,0.994314
639,0,0,0.000482
640,0,0,0.006798
641,1,1,0.995643
642,1,1,0.997210
643,0,0,0.046077
644,1,1,0.991032
645,0,0,0.014871
646,1,1,0.994920
647,0,1,0.863966
648,0,0,0.000834
649,0,0,0.003063
650,1,1,0.999177
651,0,0,0.012871
652,1,1,0.998976
653,0,0,0.006278
654,1,1,0.996264
655,1,1,0.915129
656,1,1,0.996220
657,0,0,0.126138
658,0,0,0.003497
659,0,0,0.001073
660,1,1,0.991538
661,1,1,0.996256
662,1,1,0.999000
663,1,1,0.880181
664,1,1,0.999543
665,0,0,0.009860
666,0,0,0.001567
667,1,1,0.998758
668,1,1,0.999129
669,0,0,0.005011
670,1,0,0.003580
671,1,1,0.972072
672,0,0,0.003953
673,1,0,0.177098
674,1,1,0.999690
675,0,0,0.038647
676,1,1,0.932760
677,0,0,0.002071
678,1,1,0.996925
679,1,1,0.983597
680,1,1,0.999386
681,0,0,0.001915
682,0,0,0.004086
683,1,1,0.989751
684,0,0,0.043447
685,1,1,0.999661
686,0,0,0.004174
687,0,0,0.001156
688,0,0,0.014254
689,0,0,0.001879
690,1,1,0.998499
691,0,0,0.003615
692,1,0,0.314998
693,1,1,0.991652
694,1,0,0.306320
695,1,0,0.202680
696,1,1,0.999400
697,1,1,0.999154
698,1,1,0.997030
699,1,1,0.998873
700,0,0,0.001259
701,1,1,0.999647
702,1,1,0.999144
703,0,0,0.035046
704,1,0,0.008062
705,1,1,0.998986
706,1,1,0.881564
707,1,1,0.999731
708,1,1,0.999242
709,1,1,0.998762
710,1,1,0.999281
711,0,0,0.003040
712,1,0,0.087798
713,0,0,0.002704
714,0,0,0.125923
715,0,0,0.007374
716,0,0,0.000773
717,0,0,0.001084
718,1,1,0.999894
719,1,1,0.999458
720,1,1,0.993268
721,0,0,0.002252
722,0,0,0.007786
723,1,1,0.982271
724,0,0,0.001957
725,1,1,0.999606
726,1,1,0.988039
727,1,1,0.996630
728,1,1,0.999770
729,1,1,0.997838
730,1,1,0.999218
731,0,0,0.001069
732,0,0,0.082402
733,0,0,0.021719
734,1,0,0.266167
735,0,0,0.002817
736,0,0,0.021885
737,0,0,0.017832
738,1,1,0.998688
739,1,1,0.999204
740,1,1,0.998875
741,0,0,0.003370
742,0,0,0.001380
743,1,1,0.999071
744,0,0,0.051797
745,1,0,0.184180
746,0,0,0.001375
747,1,1,0.872184
748,1,1,0.999337
749,0,0,0.037012
750,1,0,0.006426
751,1,1,0.988380
752,0,0,0.031980
753,1,1,0.995558
754,0,0,0.025203
755,1,1,0.990678
756,1,1,0.998256
757,0,0,0.002019
758,1,1,0.999777
759,0,0,0.001372
760,1,1,0.968915
761,1,1,0.997248
762,1,1,0.997961
763,1,1,0.962179
764,0,0,0.029873
765,0,0,0.010209
766,1,1,0.994870
767,0,0,0.000841
768,0,0,0.002981
769,1,1,0.999721
770,1,1,0.998700
771,0,0,0.001245
772,0,0,0.003248
773,0,0,0.001051
774,0,0,0.006074
775,1,1,0.998286
776,1,1,0.999001
777,0,0,0.001617
778,1,1,0.653956
779,1,1,0.996496
780,0,0,0.001665
781,0,0,0.001320
782,1,1,0.989286
783,0,0,0.043164
784,1,1,0.987179
785,1,1,0.998976
786,0,0,0.003148
787,0,0,0.014588
788,1,1,0.988755
789,0,0,0.424785
790,0,1,0.536611
791,0,0,0.005512
792,0,1,0.979531
793,1,1,0.999162
794,1,1,0.998625
795,0,0,0.001472
796,1,1,0.997542
797,1,1,0.999653
798,1,1,0.999131
799,1,1,0.985496
800,1,1,0.994552
801,0,1,0.998118
802,0,0,0.002774
803,0,0,0.008951
804,1,1,0.998393
805,1,0,0.062617
806,0,0,0.001069
807,0,0,0.006339
808,0,0,0.001721
809,1,1,0.996695
810,0,0,0.002975
811,0,0,0.001197
812,0,0,0.001912
813,1,1,0.996564
814,0,0,0.330147
815,1,1,0.999788
816,0,1,0.724529
817,0,1,0.606644
818,1,1,0.999211
819,0,0,0.001534
820,0,0,0.003976
821,0,0,0.002401
822,0,0,0.034881
823,0,0,0.137648
824,1,1,0.998316
825,0,0,0.050752
826,0,1,0.985580
827,1,1,0.995669
828,0,0,0.335460
829,1,1,0.999743
830,0,0,0.003758
831,0,0,0.001629
832,0,0,0.226270
833,1,1,0.997800
834,0,0,0.003504
835,0,0,0.405596
836,1,1,0.993574
837,1,1,0.998609
838,1,1,0.994708
839,1,1,0.780160
840,0,0,0.006590
841,1,1,0.998743
842,1,1,0.968051
843,0,0,0.000929
844,1,1,0.996727
845,1,1,0.998873
846,0,1,0.738198
847,1,1,0.977045
848,0,0,0.008933
849,0,0,0.000838
850,1,1,0.977001
851,1,0,0.040238
852,0,0,0.003436
853,0,0,0.000893
854,1,1,0.999813
855,1,1,0.997394
856,1,1,0.999520
857,1,1,0.997695
858,1,1,0.999754
859,1,1,0.988842
860,0,0,0.135346
861,1,1,0.999320
862,0,0,0.010966
863,1,0,0.204660
864,1,1,0.998559
865,0,0,0.002632
866,0,0,0.001938
867,0,0,0.004248
868,0,0,0.013274
869,0,1,0.737347
870,1,1,0.993735
871,1,1,0.988712
