target,protocol,protocol_label,n_rows,n_groups,MAE,RMSE,R2,MAPE_pct,status_at_threshold
accuracy,pass,"Pass-grouped (config_id), 5-fold",41,41,0.0061326408987208815,0.009213050196567903,0.7621105754306761,0.6695603704251267,VALIDATED
accuracy,cell,"Seed-grouped (method x backbone), 5-fold",41,14,0.01168304371277634,0.014753847975871918,0.3899311236134484,1.2669795879203665,PRELIMINARY
accuracy,loto,Leave-one-tier-out (backbone),41,4,0.015014233387812092,0.018077222477535616,0.08413456926680951,1.6287859449922695,PRELIMINARY
peak_gpu_memory_gb,pass,"Pass-grouped (config_id), 5-fold",41,41,0.6947949095948757,0.9944978461929762,0.9290368024932366,10.244836666373121,VALIDATED
peak_gpu_memory_gb,cell,"Seed-grouped (method x backbone), 5-fold",41,14,1.2409370017125847,1.710471687051675,0.7900783352315516,18.394615481583912,PRELIMINARY
peak_gpu_memory_gb,loto,Leave-one-tier-out (backbone),41,4,2.01257306732119,2.40409873875371,0.5853037736328726,37.63918631302512,PRELIMINARY
energy_kwh,pass,"Pass-grouped (config_id), 5-fold",41,41,5.863191323427338e-05,7.083362403261778e-05,0.9964331089587292,2.6176641691944234,VALIDATED
energy_kwh,cell,"Seed-grouped (method x backbone), 5-fold",41,14,0.00023127959198670746,0.0004076979797098569,0.8818352235258751,11.07227535373004,VALIDATED
energy_kwh,loto,Leave-one-tier-out (backbone),41,4,0.0002412055686780371,0.00038099000668573963,0.8968098870762162,10.57348511068165,VALIDATED
wall_clock_seconds,pass,"Pass-grouped (config_id), 5-fold",41,41,6.010903442978727,8.237389901988504,0.9824326692472374,3.8015516614422102,VALIDATED
wall_clock_seconds,cell,"Seed-grouped (method x backbone), 5-fold",41,14,24.93770677797001,38.20016276773689,0.6222043449063793,17.04950440145966,PRELIMINARY
wall_clock_seconds,loto,Leave-one-tier-out (backbone),41,4,34.07189595526083,41.94574611545458,0.5444853176992871,22.5400506424989,PRELIMINARY
