backbone,method,accuracy_mean,accuracy_std,accuracy_count,peak_gpu_memory_gb_mean,peak_gpu_memory_gb_std,peak_gpu_memory_gb_count,energy_wh_mean,energy_wh_std,energy_wh_count,wall_clock_seconds_mean,wall_clock_seconds_std,wall_clock_seconds_count,co2_g_mean,co2_g_std,co2_g_count
tiny,full_ft,0.9052000000000001,0.006309516621738913,3,11.1265,0.03121297807002712,3,2.394413333333333,0.014807330391847826,3,135.67666666666668,0.5571430097679775,3,1.5563686666666667,0.00962476475470113,3
tiny,lora,0.9174333333333333,0.0011503622617825048,3,4.343666666666667,0.3876987662262204,3,1.2218766666666667,0.06721273416052455,3,112.41333333333334,0.7435108158818706,3,0.7942198333333333,0.04368827720434093,3
tiny,qlora,0.9117000000000001,0.007967433714816863,3,2.763,0.4996728930010114,3,2.1472033333333336,0.013574374141496417,3,171.87333333333333,0.8611813591417973,3,1.3956821666666668,0.008823343191972643,3
tiny,lora_fa,0.9155000000000001,0.0017349351572897138,3,4.3005,0.45294894855822343,3,1.2995566666666667,0.003785318128418414,3,107.81333333333333,0.7637789819923857,3,0.8447118333333333,0.0024604567834719676,3
tiny,lisa,0.8868333333333333,0.021961177867622084,3,5.111666666666667,0.2389991283108235,3,1.2594800000000002,0.018469875473321424,3,73.835,1.298373983103479,3,0.8186620000000001,0.01200541905765893,3
small,lora,0.9438,0.00496689037527507,3,9.428166666666668,1.1306326031622007,3,1.7739466666666666,0.0286500302501295,3,106.96,1.2157713600837958,3,1.1530653333333334,0.018622519662583988,3
small,qlora,0.9380999999999999,0.003983716857408436,3,3.958,1.3493254796378822,3,2.717143333333334,0.01629716642037309,3,161.675,0.8373768566183146,3,1.7661431666666667,0.010593158173242474,3
small,lora_fa,0.9251,0.0006928203230274987,3,8.378333333333334,0.6484661389257985,3,1.72969,0.0066978280061525146,3,102.35833333333333,0.380043857118272,3,1.1242985,0.004353588203999204,3
small,lisa,0.9201,0.005894913061275792,3,10.877333333333333,0.0543054631996947,3,2.0879933333333334,0.015405847374725558,3,116.92166666666667,0.469423405182713,3,1.3571956666666667,0.010013800793571547,3
medium,qlora,0.9434333333333335,0.0028676354952004274,3,6.4174999999999995,1.981897070990317,3,3.435943333333333,0.04314894011830829,3,200.29666666666665,1.9263004265517285,3,2.233363166666667,0.028046811076900484,3
medium,lora_fa,0.9430333333333333,0.003513308032799466,3,12.203666666666669,1.3947415829942609,3,2.15922,0.05518416167706065,3,125.12166666666667,1.080512995448618,3,1.403493,0.03586970509008943,3
medium,lisa,0.9380666666666667,0.005248174285723866,3,15.209833333333334,0.6291107480669313,3,2.5277133333333333,0.01059312198236853,3,140.95333333333335,0.7909540652486184,3,1.6430136666666666,0.00688552928853946,3
large,qlora,0.9483666666666667,0.0011503622617824775,3,7.141333333333333,0.0041633319989325,3,6.013606666666665,0.014825472448908363,3,336.08666666666664,1.5006359762891814,3,3.908844333333333,0.00963655709179032,3
