method,backbone,family,params_b,n_seeds,accuracy,peak_gpu_memory_gb,energy_kwh,wall_clock_seconds,carbon_kgco2eq,pareto_optimal,gei_balanced,gei_strict_carbon,gei_high_accuracy
lora,small,llama,1.1,3,0.9438,9.428166666666668,0.0017739466666666665,106.96,0.0011530653333333334,True,0.7924024131433794,0.807821365569687,0.8452346862198824
qlora,small,llama,1.1,3,0.9380999999999999,3.958,0.0027171433333333336,161.675,0.001766143166666667,True,0.7893466800869013,0.757908573560042,0.8051881311124448
lora,tiny,qwen,0.5,3,0.9174333333333333,4.343666666666667,0.0012218766666666667,112.41333333333334,0.0007942198333333334,True,0.7702379979035244,0.8593491679395564,0.6646154182674409
lora_fa,tiny,qwen,0.5,3,0.9155000000000001,4.3005,0.0012995566666666666,107.81333333333333,0.0008447118333333334,True,0.758686513735065,0.8474073361369034,0.6456064106726271
lora,medium,qwen,1.5,2,0.9478,11.967500000000001,0.0021802699999999998,130.21499999999997,0.0014171754999999999,True,0.7296503543416027,0.7287537347825856,0.8320488199653248
lora_fa,small,llama,1.1,3,0.9251,8.378333333333334,0.00172969,102.35833333333333,0.0011242985,True,0.7120646800799852,0.7702830855016829,0.6786863872064908
qlora,medium,qwen,1.5,3,0.9434333333333335,6.4174999999999995,0.0034359433333333335,200.29666666666665,0.002233363166666667,True,0.7106898911865976,0.6459920852685515,0.7903241798703344
lora_fa,medium,qwen,1.5,3,0.9430333333333333,12.203666666666669,0.00215922,125.12166666666667,0.001403493,False,0.7018056477809705,0.7136046172969247,0.7853249439033531
qlora,tiny,qwen,0.5,3,0.9117000000000001,2.763,0.0021472033333333335,171.87333333333333,0.0013956821666666669,True,0.6870887250209169,0.7468855497637918,0.5761205385854994
lisa,small,llama,1.1,3,0.9201,10.877333333333333,0.0020879933333333334,116.92166666666667,0.0013571956666666668,False,0.6064076955725259,0.6709360697606486,0.5830467366567478
lisa,tiny,qwen,0.5,3,0.8868333333333333,5.111666666666667,0.00125948,73.835,0.0008186620000000001,True,0.6008641328926397,0.7583370417791734,0.37051847973558383
lisa,medium,qwen,1.5,3,0.9380666666666667,15.209833333333334,0.0025277133333333336,140.95333333333335,0.001643013666666667,False,0.5848945084616276,0.6046696930122021,0.6830957048586617
qlora,large,qwen,3.0,3,0.9483666666666667,7.141333333333333,0.006013606666666667,336.08666666666664,0.003908844333333334,True,0.5120592921894458,0.32964743375155664,0.6972355753136674
full_ft,tiny,qwen,0.5,3,0.9052000000000001,11.1265,0.0023944133333333333,135.67666666666668,0.0015563686666666668,False,0.48993805301130783,0.5793779725529231,0.4180131786540289
