backbone,model_id,family,params_b,method,rank,quant_bits,pred_accuracy,pred_peak_vram_gb,pred_carbon_kgco2eq,pred_wall_clock_s,pred_energy_kwh,pareto_optimal,gei_balanced,gei_strict_carbon,gei_high_accuracy,confidence,scope,scope_reason,scope_caveat
medium_sl,HuggingFaceTB/SmolLM2-1.7B,llama,1.7,lora,16,16,0.951491177769294,12.96732877169255,0.0015015469390153085,121.68877546272283,0.002310072213869705,True,0.8083253320028356,0.85767051015463,0.7631172540049205,MEDIUM,INTERPOLATED_SCALE,1.7B between measured tiers,
small,TinyLlama/TinyLlama-1.1B-Chat-v1.0,llama,1.1,lora,16,16,0.9399934035205302,8.906506719754102,0.0011332822430564207,108.60114724492078,0.001743511143163724,True,0.8078134673904633,0.8709264455768224,0.7292754984449763,HIGH,MEASURED,"(lora, small) measured directly",
small_px,EleutherAI/pythia-1.4b,gpt_neox,1.4,lora,16,16,0.9464912258804343,11.306192148211002,0.00132619463879666,121.0199208074282,0.0020402994443025537,True,0.8071461863153957,0.8630411254439818,0.7477852717030418,LOW,UNSEEN_FAMILY,"family ""gpt_neox"" not in ['llama', 'qwen']; 1.4B between measured tiers",
medium,Qwen/Qwen2.5-1.5B,qwen,1.5,lora,16,16,0.9484556094635211,12.289136599995587,0.001406129517503342,130.10525947757307,0.002163276180774372,True,0.8045315581692369,0.8584054092550097,0.7518892109135668,HIGH,MEASURED,"(lora, medium) measured directly",
medium_q3,Qwen/Qwen3-1.7B,qwen,1.7,lora,16,16,0.9517788721602115,13.597260698126096,0.001539024816858491,135.3732963945316,0.0023677304874746012,True,0.8033413035769252,0.8530265247227811,0.7608554691132373,MEDIUM,INTERPOLATED_SCALE,1.7B between measured tiers,
medium_sl,HuggingFaceTB/SmolLM2-1.7B,llama,1.7,qlora,16,4,0.942136389530374,5.32900944145408,0.002333769398721829,197.7552668157347,0.0035904144595720446,True,0.8030102016188375,0.8445158643999062,0.7319266814641253,MEDIUM,INTERPOLATED_SCALE,1.7B between measured tiers,
small_px,EleutherAI/pythia-1.4b,gpt_neox,1.4,qlora,16,4,0.9385868286571968,5.124071208099201,0.0020962005902020677,192.45988878960299,0.0032249239849262575,True,0.7992213543689763,0.8480310244820973,0.7193110322431364,LOW,UNSEEN_FAMILY,"family ""gpt_neox"" not in ['llama', 'qwen']; 1.4B between measured tiers",
small,TinyLlama/TinyLlama-1.1B-Chat-v1.0,llama,1.1,qlora,16,4,0.933544424484009,4.1820686643375575,0.001822120057874023,169.09373773724815,0.0028032616274984968,True,0.7983674797847661,0.8551834070990878,0.7042377028577405,HIGH,MEASURED,"(qlora, small) measured directly",
medium_q3,Qwen/Qwen3-1.7B,qwen,1.7,qlora,16,4,0.9424240839212914,5.9589413678876255,0.0023920191424806328,219.9938510879903,0.003680029449970204,True,0.796636914475326,0.8385082067455644,0.7287605990812458,MEDIUM,INTERPOLATED_SCALE,1.7B between measured tiers,
medium,Qwen/Qwen2.5-1.5B,qwen,1.5,qlora,16,4,0.9400633314628436,5.6209028318577285,0.002209934781599546,208.36689399591273,0.003399899663999302,True,0.796607701038488,0.8431610536779066,0.721931585575555,HIGH,MEASURED,"(qlora, medium) measured directly",
medium_sl,HuggingFaceTB/SmolLM2-1.7B,llama,1.7,lora_fa,16,16,0.9437795338758564,12.675831787280451,0.001515120206633653,117.15488845920237,0.0023309541640517736,True,0.7900195531849461,0.8473222237858407,0.7296067542805731,MEDIUM,INTERPOLATED_SCALE,1.7B between measured tiers,
small,TinyLlama/TinyLlama-1.1B-Chat-v1.0,llama,1.1,lora_fa,16,16,0.932293086591092,8.61509356149046,0.0011433188244955124,104.53493929733011,0.0017589520376854035,True,0.7895348251666343,0.8606678464627378,0.6958105560379191,HIGH,MEASURED,"(lora_fa, small) measured directly",
small_px,EleutherAI/pythia-1.4b,gpt_neox,1.4,lora_fa,16,16,0.9387875176233684,11.015285057044043,0.0013381728331576383,116.5190823101242,0.0020587274356271357,False,0.7888791123322882,0.8527498225790142,0.7143209415050511,LOW,UNSEEN_FAMILY,"family ""gpt_neox"" not in ['llama', 'qwen']; 1.4B between measured tiers",
tiny_q3,Qwen/Qwen3-0.6B,qwen,0.6,lora,16,16,0.9243625189524414,5.5762504815834495,0.0008782311106383646,111.63809834780992,0.001351124785597484,True,0.7886586717877643,0.8698694127512487,0.6720210147976696,MEDIUM,INTERPOLATED_SCALE,0.6B between measured tiers,
large_phi,microsoft/phi-2,phi2,2.7,lora,16,16,0.964025836215131,19.44001470536226,0.00231741792347262,158.32992849131068,0.0035652583438040304,True,0.7883586254991297,0.819314155954798,0.7875110366274929,LOW,UNSEEN_FAMILY,"family ""phi2"" not in ['llama', 'qwen']; 2.7B between measured tiers",
large_phi,microsoft/phi-2,phi2,2.7,qlora,16,4,0.9498509898622058,6.950622682815097,0.0034067669022677704,276.76796155767295,0.005241179849642724,True,0.7876359568849456,0.8085532941147872,0.7446218765896371,LOW,UNSEEN_FAMILY,"family ""phi2"" not in ['llama', 'qwen']; 2.7B between measured tiers",
medium,Qwen/Qwen2.5-1.5B,qwen,1.5,lora_fa,16,16,0.940752355203172,11.998524503674336,0.0014189127098388557,125.27956086589951,0.0021829426305213164,False,0.7862916435295731,0.8481149286974007,0.7184451913303095,HIGH,MEASURED,"(lora_fa, medium) measured directly",
medium_q3,Qwen/Qwen3-1.7B,qwen,1.7,lora_fa,16,16,0.9440672282667739,13.305763713713995,0.001552936866603799,130.32955076710607,0.0023891336409289214,False,0.7850934212565825,0.8427097005457609,0.7273839238275843,MEDIUM,INTERPOLATED_SCALE,1.7B between measured tiers,
tiny,Qwen/Qwen2.5-0.5B,qwen,0.5,lora,16,16,0.9195968500514811,4.640862864611314,0.0008212186994146434,110.36108732314942,0.0012634133837148359,True,0.7823261548027581,0.8687234114837297,0.6542875590341155,HIGH,MEASURED,"(lora, tiny) measured directly",
large,Qwen/Qwen2.5-3B,qwen,3.0,lora,16,16,0.9670214201650315,21.523867418168784,0.002646249176962985,178.26898221916218,0.004071152579943053,True,0.777144469807877,0.8026413406935481,0.7893828256254045,MEDIUM,UNSEEN_METHOD_SCALE,"(lora, large) never measured together",
large,Qwen/Qwen2.5-3B,qwen,3.0,qlora,16,4,0.951398702848525,7.5789881788865445,0.003825714451431844,318.5073744185296,0.0058857145406643755,True,0.7764630846354761,0.7914348768134833,0.7421016274543691,HIGH,MEASURED,"(qlora, large) measured directly",
tiny_q3,Qwen/Qwen3-0.6B,qwen,0.6,qlora,16,4,0.9202902410570453,3.2724843731347724,0.0014511687362973858,167.3954772756206,0.0022325672866113627,True,0.7746148472716465,0.851140254050773,0.6512179843210375,MEDIUM,INTERPOLATED_SCALE,0.6B between measured tiers,
micro,HuggingFaceTB/SmolLM2-360M,llama,0.36,lora,16,16,0.9107404563361904,2.5295019726161323,0.0007196322640390636,98.12341210819865,0.0011071265600600979,True,0.7737558483009249,0.8689061323806533,0.6233324769318267,LOW,OUT_OF_RANGE_SCALE,0.36B outside measured 0.5-3B,error band is a LOWER BOUND: the surrogate was never validated outside 0.5-3B
tiny_q3,Qwen/Qwen3-0.6B,qwen,0.6,lora_fa,16,16,0.9166949403723834,5.288292080845075,0.0008861858142590635,107.53115128334274,0.00136336279116779,True,0.7704850179640377,0.8597139444846078,0.6387151958483486,MEDIUM,INTERPOLATED_SCALE,0.6B between measured tiers,
large_phi,microsoft/phi-2,phi2,2.7,lora_fa,16,16,0.9562722441562509,19.14409328049592,0.002337769326859553,152.2984675670429,0.003596568195168543,True,0.7700456278211949,0.808832016581843,0.7538858488168657,LOW,UNSEEN_FAMILY,"family ""phi2"" not in ['llama', 'qwen']; 2.7B between measured tiers",
tiny,Qwen/Qwen2.5-0.5B,qwen,0.5,qlora,16,4,0.9160028395413796,2.821424884714742,0.0013643897031997063,164.24119852097564,0.002099061081845702,True,0.7675888287064137,0.8496855932444488,0.6344833790013842,HIGH,MEASURED,"(qlora, tiny) measured directly",
tiny,Qwen/Qwen2.5-0.5B,qwen,0.5,lora_fa,16,16,0.9119358147461684,4.353595124478356,0.0008286901037190464,106.31554916269009,0.0012749078518754558,True,0.7641659173473404,0.8585849260471503,0.6210084278936046,HIGH,MEASURED,"(lora_fa, tiny) measured directly",
medium_sl,HuggingFaceTB/SmolLM2-1.7B,llama,1.7,lisa,0,16,0.9435924514969102,16.144575863256453,0.0018294500587695656,148.15939738784004,0.0028145385519531777,False,0.7617198148753739,0.8193491272984464,0.7118230941443693,MEDIUM,INTERPOLATED_SCALE,1.7B between measured tiers,
large_phi,microsoft/phi-2,phi2,2.7,lisa,0,16,0.976086839781513,24.722494176526343,0.0031882041744025415,291.4770753209214,0.004904929499080833,True,0.7608273817080955,0.7757457086932067,0.8051820605325655,LOW,UNSEEN_FAMILY,"family ""phi2"" not in ['llama', 'qwen']; 2.7B between measured tiers",
micro,HuggingFaceTB/SmolLM2-360M,llama,0.36,qlora,16,4,0.9078169201674565,1.3886987644254392,0.0012049205104821092,144.52918595944374,0.001853723862280168,True,0.7589040546602055,0.8503479083111493,0.6054832596100382,LOW,OUT_OF_RANGE_SCALE,0.36B outside measured 0.5-3B,error band is a LOWER BOUND: the surrogate was never validated outside 0.5-3B
large,Qwen/Qwen2.5-3B,qwen,3.0,lora_fa,16,16,0.9592552436565186,21.22661866116617,0.0026692838916847587,171.4332624382782,0.004106590602591937,False,0.758863076922791,0.7921278713939814,0.7557464294057652,MEDIUM,UNSEEN_METHOD_SCALE,"(lora_fa, large) never measured together",
medium_q3,Qwen/Qwen3-1.7B,qwen,1.7,lisa,0,16,0.9438801458878276,16.77450778969,0.001875112238246775,164.8206742154564,0.002884788058841192,False,0.7562372349421921,0.8142003953685972,0.7092375605224961,MEDIUM,INTERPOLATED_SCALE,1.7B between measured tiers,
micro,HuggingFaceTB/SmolLM2-360M,llama,0.36,lora_fa,16,16,0.9030885802641668,2.243200293379207,0.0007262199241913279,94.54441015348732,0.0011172614218328122,True,0.7555704577795243,0.8587664957165974,0.5900611959114659,LOW,OUT_OF_RANGE_SCALE,0.36B outside measured 0.5-3B,error band is a LOWER BOUND: the surrogate was never validated outside 0.5-3B
large_p3,microsoft/Phi-3-mini-4k-instruct,phi3,3.8,qlora,16,4,0.9538561086426773,7.996661966705803,0.004942104348068305,382.3424873205793,0.007603237458566623,True,0.7550746855346324,0.7527428338281903,0.7359311219223543,LOW,OUT_OF_RANGE_SCALE,"3.8B outside measured 0.5-3B; family ""phi3"" not in ['llama', 'qwen']",error band is a LOWER BOUND: the surrogate was never validated outside 0.5-3B
large_p3,microsoft/Phi-3-mini-4k-instruct,phi3,3.8,lora,16,16,0.9733280951322028,25.821351371305287,0.0035737511875066166,201.8144557524481,0.005498078750010179,True,0.7525974303123671,0.7620261589162634,0.7929134221590223,LOW,OUT_OF_RANGE_SCALE,"3.8B outside measured 0.5-3B; family ""phi3"" not in ['llama', 'qwen']",error band is a LOWER BOUND: the surrogate was never validated outside 0.5-3B
small_px,EleutherAI/pythia-1.4b,gpt_neox,1.4,lisa,0,16,0.9330069944286029,13.915704218594396,0.0015693525623870397,132.32568280819694,0.0024143885575185226,False,0.7522027010389886,0.8227574507923457,0.6752703697950435,LOW,UNSEEN_FAMILY,"family ""gpt_neox"" not in ['llama', 'qwen']; 1.4B between measured tiers",
medium,Qwen/Qwen2.5-1.5B,qwen,1.5,lisa,0,16,0.9365649372233841,15.045337215639456,0.0016720718932703078,145.83474081414622,0.002572418297338935,False,0.7520606050330618,0.8187845552717141,0.6854840515613008,HIGH,MEASURED,"(lisa, medium) measured directly",
large,Qwen/Qwen2.5-3B,qwen,3.0,lisa,0,16,0.9850703426830432,27.437916603212923,0.003775726570734757,371.52323888845734,0.005808810108822703,True,0.750335452208814,0.7521470995980432,0.8245109493195087,MEDIUM,UNSEEN_METHOD_SCALE,"(lisa, large) never measured together",
small,TinyLlama/TinyLlama-1.1B-Chat-v1.0,llama,1.1,lisa,0,16,0.9213170344695218,11.043153042156808,0.001321457087049949,109.73520274605728,0.0020330109031537675,False,0.7439558629334879,0.827501873093105,0.636303877086771,HIGH,MEASURED,"(lisa, small) measured directly",
large_p3,microsoft/Phi-3-mini-4k-instruct,phi3,3.8,lora_fa,16,16,0.965528360091336,25.52056306193928,0.003604123266863178,193.94101989441523,0.005544805025943351,False,0.7342601235285482,0.7513318503927899,0.7591538661439006,LOW,OUT_OF_RANGE_SCALE,"3.8B outside measured 0.5-3B; family ""phi3"" not in ['llama', 'qwen']",error band is a LOWER BOUND: the surrogate was never validated outside 0.5-3B
small,TinyLlama/TinyLlama-1.1B-Chat-v1.0,llama,1.1,full_ft,0,32,0.9433546552213661,20.718542247733044,0.0024183822527703495,166.98276117987248,0.0037205880811851527,False,0.7244073081788194,0.7787894393567644,0.6885841207132067,MEDIUM,UNSEEN_METHOD_SCALE,"(full_ft, small) never measured together",
small_px,EleutherAI/pythia-1.4b,gpt_neox,1.4,full_ft,0,32,0.9588633070490474,25.80686148995142,0.0030220501465206655,209.3796159034019,0.004649307917724101,False,0.7224698413531323,0.7571891541588031,0.7324498514128617,LOW,UNSEEN_FAMILY,"family ""gpt_neox"" not in ['llama', 'qwen']; 1.4B between measured tiers",
medium_sl,HuggingFaceTB/SmolLM2-1.7B,llama,1.7,full_ft,0,32,0.9728671465980445,30.154957757083515,0.003652836195499033,236.78231563860243,0.005619747993075436,False,0.7220664254378466,0.7369572626747151,0.7729568835757734,MEDIUM,INTERPOLATED_SCALE,1.7B between measured tiers,
medium,Qwen/Qwen2.5-1.5B,qwen,1.5,full_ft,0,32,0.963833720816805,27.68621015557151,0.003275084613834745,234.13368333112828,0.005038591713591915,False,0.7181614651611393,0.7463720840777186,0.744203705906396,MEDIUM,UNSEEN_METHOD_SCALE,"(full_ft, medium) never measured together",
medium_q3,Qwen/Qwen3-1.7B,qwen,1.7,full_ft,0,32,0.9731548409889619,30.78488968351706,0.003744009201922559,263.4096897930182,0.005760014156803937,False,0.7146286321693877,0.7295465002260615,0.7691158021451463,MEDIUM,INTERPOLATED_SCALE,1.7B between measured tiers,
tiny_q3,Qwen/Qwen3-0.6B,qwen,0.6,lisa,0,16,0.894347690527043,6.335195013168552,0.0009173605433959427,83.19346848612406,0.001411323912916835,True,0.7085959075528496,0.8226222515682506,0.536394202771941,MEDIUM,INTERPOLATED_SCALE,0.6B between measured tiers,
tiny_q3,Qwen/Qwen3-0.6B,qwen,0.6,full_ft,0,32,0.912747057654078,12.913769811942387,0.0016811482727306082,141.248415384504,0.0025863819580470896,False,0.7016159379486274,0.7924766892617645,0.5855632686713543,MEDIUM,INTERPOLATED_SCALE,0.6B between measured tiers,
tiny,Qwen/Qwen2.5-0.5B,qwen,0.5,lisa,0,16,0.8877807190491638,5.155135853059285,0.0008380516086676729,77.58798609243047,0.0012893101671810352,True,0.6997624324971107,0.8209077052147198,0.5119252971623062,HIGH,MEASURED,"(lisa, tiny) measured directly",
tiny,Qwen/Qwen2.5-0.5B,qwen,0.5,full_ft,0,32,0.904986094499716,11.083482155342264,0.0015382185354790136,134.2932022638375,0.0023664900545830978,False,0.6943806122838027,0.793940976600683,0.5585707554444627,HIGH,MEASURED,"(full_ft, tiny) measured directly",
micro,HuggingFaceTB/SmolLM2-360M,llama,0.36,lisa,0,16,0.8765459006863415,2.7929130195012597,0.0007238283738207277,65.66806952807444,0.0011135821135703503,True,0.6864806328601452,0.8189935884432439,0.4711813413013124,LOW,OUT_OF_RANGE_SCALE,0.36B outside measured 0.5-3B,error band is a LOWER BOUND: the surrogate was never validated outside 0.5-3B
micro,HuggingFaceTB/SmolLM2-360M,llama,0.36,full_ft,0,32,0.89193630369456,7.719270711334957,0.0013075474757189931,113.05917738839197,0.002011611501106143,False,0.6848152405941678,0.7981426900274596,0.5148230141740693,LOW,OUT_OF_RANGE_SCALE,0.36B outside measured 0.5-3B,error band is a LOWER BOUND: the surrogate was never validated outside 0.5-3B
nano,HuggingFaceTB/SmolLM2-135M,llama,0.135,full_ft,0,32,0.859699558046095,2.262301847899531,0.0009643101880161964,105.04581690288373,0.0014835541354095328,False,0.6364657036576287,0.785185777852101,0.39155376750192916,LOW,OUT_OF_RANGE_SCALE,0.135B outside measured 0.5-3B,error band is a LOWER BOUND: the surrogate was never validated outside 0.5-3B
xl_mis,HuggingFaceH4/zephyr-7b-beta,mistral,7.2,lora,16,16,0.9912771239375273,44.5665151174216,0.01262919846361559,439.98168120297805,0.019429536097870136,True,0.5244800620281488,0.40104402827533825,0.7065928120250244,LOW,OUT_OF_RANGE_SCALE,"7.2B outside measured 0.5-3B; family ""mistral"" not in ['llama', 'qwen']",error band is a LOWER BOUND: the surrogate was never validated outside 0.5-3B
xl_mis,HuggingFaceH4/zephyr-7b-beta,mistral,7.2,qlora,16,4,0.9554457434626709,10.252632510223854,0.014459822531423333,1069.363515488953,0.022245880817574358,True,0.5113211325607697,0.387732149080136,0.5886486382511876,LOW,OUT_OF_RANGE_SCALE,"7.2B outside measured 0.5-3B; family ""mistral"" not in ['llama', 'qwen']",error band is a LOWER BOUND: the surrogate was never validated outside 0.5-3B
xl_mis,HuggingFaceH4/zephyr-7b-beta,mistral,7.2,lora_fa,16,16,0.9833347651341561,44.25068371051119,0.012725478165563154,421.5692450033158,0.019577658716251004,False,0.5061168707062942,0.38899096172636416,0.6724875611174017,LOW,OUT_OF_RANGE_SCALE,"7.2B outside measured 0.5-3B; family ""mistral"" not in ['llama', 'qwen']",error band is a LOWER BOUND: the surrogate was never validated outside 0.5-3B
xl,Qwen/Qwen2.5-7B,qwen,7.6,lora,16,16,0.9929858005117008,47.03724341269091,0.01477571013123793,509.37990867249755,0.022731861740366045,True,0.4729192179016153,0.3192285366769689,0.6800820256972823,LOW,OUT_OF_RANGE_SCALE,7.6B outside measured 0.5-3B,error band is a LOWER BOUND: the surrogate was never validated outside 0.5-3B
xl,Qwen/Qwen2.5-7B,qwen,7.6,lora_fa,16,16,0.9850266624421526,46.719642229598804,0.014886833513682423,487.89367264548315,0.02290282079028065,False,0.45466848391198306,0.3069432907706304,0.6460205728763012,LOW,OUT_OF_RANGE_SCALE,7.6B outside measured 0.5-3B,error band is a LOWER BOUND: the surrogate was never validated outside 0.5-3B
xl,Qwen/Qwen2.5-7B,qwen,7.6,qlora,16,4,0.955229785450335,10.783455722834542,0.016545825076042915,1274.8552319978296,0.025455115501604484,False,0.4494038755523837,0.3021847131412724,0.549166963422024,LOW,OUT_OF_RANGE_SCALE,7.6B outside measured 0.5-3B,error band is a LOWER BOUND: the surrogate was never validated outside 0.5-3B
