target,dimension,level,n,MAE,RMSE,MAPE_pct,R2
accuracy,backbone,large,6,0.0029553963045263845,0.003306660952829813,0.3117853331061767,
accuracy,backbone,medium,22,0.004080049428100444,0.004898315007178476,0.432619041255524,
accuracy,backbone,small,24,0.005620016116365016,0.006686395421450779,0.6033700981634866,
accuracy,backbone,tiny,30,0.008564303067451758,0.013207796507854808,0.956571112264228,
accuracy,method,full_ft,6,0.006419509328424722,0.0076858747110434295,0.7088138754578089,
accuracy,method,lisa,18,0.011254709141189792,0.01600821022113896,1.2530001551045566,
accuracy,method,lora,16,0.0032476125656384497,0.00448270984713084,0.3464570154380647,
accuracy,method,lora_fa,18,0.0052652233964898265,0.005816172188645518,0.567575964874441,
accuracy,method,qlora,24,0.0046443875567785215,0.0064622103489828525,0.49999087378046886,
energy_kwh,backbone,large,3,0.000155691514679037,0.00015659002756903082,2.588454216171829,
energy_kwh,backbone,medium,11,4.939854618530908e-05,5.405527749608516e-05,1.9355370429572392,0.9894845344914561
energy_kwh,backbone,small,12,5.714197142315053e-05,6.685771071262435e-05,2.602712635325151,0.9713134517195039
energy_kwh,backbone,tiny,15,4.718308223012746e-05,5.560038295875235e-05,3.135693946134986,0.9877561806509594
energy_kwh,method,full_ft,3,3.737819026961728e-05,4.136517527808346e-05,1.5573622801578162,
energy_kwh,method,lisa,9,5.344433946463221e-05,5.7079358275406386e-05,2.8377570996599633,0.9882219422030905
energy_kwh,method,lora,8,4.442715094276107e-05,5.8870335425886384e-05,3.193603962982304,0.9762433255537394
energy_kwh,method,lora_fa,9,3.914376887911862e-05,4.2735255794880886e-05,2.2129042370281105,0.9852551193501339
energy_kwh,method,qlora,12,9.192197409671093e-05,0.00010291393356177314,2.6372800302039323,0.9951540085647324
peak_gpu_memory_gb,backbone,large,6,0.37189240675488683,0.4849870966303255,5.406746047281299,
peak_gpu_memory_gb,backbone,medium,22,1.364467168313768,1.6054724170730226,14.47663158871649,0.7924146660463083
peak_gpu_memory_gb,backbone,small,24,0.7388303152928022,0.9939323633167115,12.455818918200965,0.8656968126824878
peak_gpu_memory_gb,backbone,tiny,30,0.4106369844248885,0.49601860476745463,9.823066465776494,0.9713872455533804
peak_gpu_memory_gb,method,full_ft,6,0.31183333333333313,0.31676830703465014,2.7988716213739275,
peak_gpu_memory_gb,method,lisa,18,0.46659953471047494,0.5718712800195984,4.89026300401661,0.9811007728325825
peak_gpu_memory_gb,method,lora,16,0.9050878672901026,1.2087735417271148,11.088941518747653,0.8596609293635804
peak_gpu_memory_gb,method,lora_fa,18,0.8298658207929567,1.0309437461294648,10.379653627288004,0.9040450104142713
peak_gpu_memory_gb,method,qlora,24,0.9421619569792797,1.2943756896665666,19.811801077244983,0.608998943394555
wall_clock_seconds,backbone,large,6,14.453205184019396,14.84784509544795,4.291605589274294,
wall_clock_seconds,backbone,medium,22,5.4463332262366135,6.639328945450192,3.566958770116482,0.9546393910287385
wall_clock_seconds,backbone,small,24,6.4687833303113536,7.687500216487382,5.389134345243008,0.8987582025017342
wall_clock_seconds,backbone,tiny,30,5.4999562052587105,6.8700532699656565,4.697693722536407,0.9565773182363204
wall_clock_seconds,method,full_ft,6,3.3933333333333358,3.59272188215504,2.4855440634149737,
wall_clock_seconds,method,lisa,18,5.837603645036235,6.301613869500328,5.466427660602012,0.948844077454022
wall_clock_seconds,method,lora,16,5.607499999999998,5.97543866763257,4.950971752967533,0.6957329814296114
wall_clock_seconds,method,lora_fa,18,4.404444444444446,4.84632926588604,4.0302500822233,0.7969867158475561
wall_clock_seconds,method,qlora,24,9.681299273162642,11.797790721885411,4.559322943387785,0.9718042779637659
