target,config_id,backbone,method,actual,predicted,residual,fold,protocol
accuracy,full_ft_tiny_classification_seed13,tiny,full_ft,0.9117,0.9019039408749512,0.009796059125048773,0,GroupKFold
accuracy,full_ft_tiny_classification_seed2024,tiny,full_ft,0.8991,0.9080037029712221,-0.008903702971222116,3,GroupKFold
accuracy,full_ft_tiny_classification_seed42,tiny,full_ft,0.9048,0.9052457622542847,-0.0004457622542846096,2,GroupKFold
accuracy,lisa_tiny_classification_seed13,tiny,lisa,0.8635,0.8981048552901633,-0.03460485529016322,0,GroupKFold
accuracy,lisa_tiny_classification_seed2024,tiny,lisa,0.8899,0.8858873710761873,0.004012628923812711,4,GroupKFold
accuracy,lisa_tiny_classification_seed42,tiny,lisa,0.9071,0.8782410710875829,0.028858928912417148,3,GroupKFold
accuracy,lora_tiny_classification_seed13,tiny,lora,0.9163,0.9206222410488746,-0.0043222410488745755,0,GroupKFold
accuracy,lora_tiny_classification_seed2024,tiny,lora,0.9186,0.9196470683667387,-0.0010470683667387348,4,GroupKFold
accuracy,lora_tiny_classification_seed42,tiny,lora,0.9174,0.9201690708107515,-0.002769070810751506,3,GroupKFold
accuracy,lora_fa_tiny_classification_seed13,tiny,lora_fa,0.9174,0.9108924838121291,0.006507516187870932,4,GroupKFold
accuracy,lora_fa_tiny_classification_seed2024,tiny,lora_fa,0.914,0.9115399358014794,0.0024600641985206284,1,GroupKFold
accuracy,lora_fa_tiny_classification_seed42,tiny,lora_fa,0.9151,0.9117888891748983,0.003311110825101715,0,GroupKFold
accuracy,qlora_tiny_classification_seed13,tiny,qlora,0.9025,0.9193479042325069,-0.016847904232506927,3,GroupKFold
accuracy,qlora_tiny_classification_seed2024,tiny,qlora,0.9163,0.9144227044624408,0.0018772955375592204,1,GroupKFold
accuracy,qlora_tiny_classification_seed42,tiny,qlora,0.9163,0.9144191763066728,0.001880823693327205,0,GroupKFold
accuracy,lisa_small_classification_seed13,small,lisa,0.9186,0.9206379800015494,-0.002037980001549422,3,GroupKFold
accuracy,lisa_small_classification_seed2024,small,lisa,0.9151,0.9232386260367661,-0.008138626036766072,2,GroupKFold
accuracy,lisa_small_classification_seed42,small,lisa,0.9266,0.9182005306133801,0.00839946938661984,1,GroupKFold
accuracy,lora_small_classification_seed13,small,lora,0.9404,0.9409954303751077,-0.000595430375107675,3,GroupKFold
accuracy,lora_small_classification_seed2024,small,lora,0.9415,0.9404045495714137,0.0010954504285862754,2,GroupKFold
accuracy,lora_small_classification_seed42,small,lora,0.9495,0.9381035616047082,0.011396438395291808,1,GroupKFold
accuracy,lora_fa_small_classification_seed13,small,lora_fa,0.9243,0.9320632546967063,-0.0077632546967062455,4,GroupKFold
accuracy,lora_fa_small_classification_seed2024,small,lora_fa,0.9255,0.9333300889381648,-0.007830088938164836,3,GroupKFold
accuracy,lora_fa_small_classification_seed42,small,lora_fa,0.9255,0.9331900425379485,-0.007690042537948472,2,GroupKFold
accuracy,qlora_small_classification_seed13,small,qlora,0.9358,0.9331008532208822,0.002699146779117756,1,GroupKFold
accuracy,qlora_small_classification_seed2024,small,qlora,0.9358,0.9329993147852249,0.002800685214775056,0,GroupKFold
accuracy,qlora_small_classification_seed42,small,qlora,0.9427,0.9321315957832308,0.01056840421676919,4,GroupKFold
accuracy,lisa_medium_classification_seed13,medium,lisa,0.9438,0.9338301862376612,0.009969813762338742,1,GroupKFold
accuracy,lisa_medium_classification_seed2024,medium,lisa,0.9369,0.9363377184047404,0.0005622815952595062,0,GroupKFold
accuracy,lisa_medium_classification_seed42,medium,lisa,0.9335,0.9386510996104019,-0.0051510996104019435,4,GroupKFold
accuracy,lora_medium_classification_seed2024,medium,lora,0.9495,0.9472573228150422,0.002242677184957853,2,GroupKFold
accuracy,lora_medium_classification_seed42,medium,lora,0.9461,0.950677384770495,-0.004577384770494963,4,GroupKFold
accuracy,lora_fa_medium_classification_seed13,medium,lora_fa,0.9438,0.9400415665488403,0.0037584334511596706,2,GroupKFold
accuracy,lora_fa_medium_classification_seed2024,medium,lora_fa,0.9461,0.9393372129583659,0.006762787041634133,1,GroupKFold
accuracy,lora_fa_medium_classification_seed42,medium,lora_fa,0.9392,0.9408720143295967,-0.0016720143295966272,0,GroupKFold
accuracy,qlora_medium_classification_seed13,medium,qlora,0.9438,0.9396980404338418,0.00410195956615822,4,GroupKFold
accuracy,qlora_medium_classification_seed2024,medium,qlora,0.9461,0.9400530446862482,0.006046955313751878,3,GroupKFold
accuracy,qlora_medium_classification_seed42,medium,qlora,0.9404,0.9417662927847786,-0.0013662927847786221,2,GroupKFold
accuracy,qlora_large_classification_seed13,large,qlora,0.9472,0.951783485660926,-0.004583485660925923,2,GroupKFold
accuracy,qlora_large_classification_seed2024,large,qlora,0.9484,0.9512868894386469,-0.0028868894386469,1,GroupKFold
accuracy,qlora_large_classification_seed42,large,qlora,0.9495,0.9507454254748907,-0.0012454254748907045,0,GroupKFold
accuracy,full_ft_tiny_classification_seed13,tiny,full_ft,0.9117,0.9019039408749512,0.009796059125048773,0,GroupKFold
accuracy,full_ft_tiny_classification_seed2024,tiny,full_ft,0.8991,0.9080037029712221,-0.008903702971222116,3,GroupKFold
accuracy,full_ft_tiny_classification_seed42,tiny,full_ft,0.9048,0.9052457622542847,-0.0004457622542846096,2,GroupKFold
accuracy,lisa_medium_classification_seed13,medium,lisa,0.9438,0.9338301862376612,0.009969813762338742,1,GroupKFold
accuracy,lisa_medium_classification_seed2024,medium,lisa,0.9369,0.9363377184047404,0.0005622815952595062,0,GroupKFold
accuracy,lisa_medium_classification_seed42,medium,lisa,0.9335,0.9386510996104019,-0.0051510996104019435,4,GroupKFold
accuracy,lisa_small_classification_seed13,small,lisa,0.9186,0.9206379800015494,-0.002037980001549422,3,GroupKFold
accuracy,lisa_small_classification_seed2024,small,lisa,0.9151,0.9232386260367661,-0.008138626036766072,2,GroupKFold
accuracy,lisa_small_classification_seed42,small,lisa,0.9266,0.9182005306133801,0.00839946938661984,1,GroupKFold
accuracy,lisa_tiny_classification_seed13,tiny,lisa,0.8635,0.8981048552901633,-0.03460485529016322,0,GroupKFold
accuracy,lisa_tiny_classification_seed2024,tiny,lisa,0.8899,0.8858873710761873,0.004012628923812711,4,GroupKFold
accuracy,lisa_tiny_classification_seed42,tiny,lisa,0.9071,0.8782410710875829,0.028858928912417148,3,GroupKFold
accuracy,lora_fa_medium_classification_seed13,medium,lora_fa,0.9438,0.9400415665488403,0.0037584334511596706,2,GroupKFold
accuracy,lora_fa_medium_classification_seed2024,medium,lora_fa,0.9461,0.9393372129583659,0.006762787041634133,1,GroupKFold
accuracy,lora_fa_medium_classification_seed42,medium,lora_fa,0.9392,0.9408720143295967,-0.0016720143295966272,0,GroupKFold
accuracy,lora_fa_small_classification_seed13,small,lora_fa,0.9243,0.9320632546967063,-0.0077632546967062455,4,GroupKFold
accuracy,lora_fa_small_classification_seed2024,small,lora_fa,0.9255,0.9333300889381648,-0.007830088938164836,3,GroupKFold
accuracy,lora_fa_small_classification_seed42,small,lora_fa,0.9255,0.9331900425379485,-0.007690042537948472,2,GroupKFold
accuracy,lora_fa_tiny_classification_seed13,tiny,lora_fa,0.9174,0.9108924838121291,0.006507516187870932,4,GroupKFold
accuracy,lora_fa_tiny_classification_seed2024,tiny,lora_fa,0.914,0.9115399358014794,0.0024600641985206284,1,GroupKFold
accuracy,lora_fa_tiny_classification_seed42,tiny,lora_fa,0.9151,0.9117888891748983,0.003311110825101715,0,GroupKFold
accuracy,lora_medium_classification_seed2024,medium,lora,0.9495,0.9472573228150422,0.002242677184957853,2,GroupKFold
accuracy,lora_medium_classification_seed42,medium,lora,0.9461,0.950677384770495,-0.004577384770494963,4,GroupKFold
accuracy,lora_small_classification_seed13,small,lora,0.9404,0.9409954303751077,-0.000595430375107675,3,GroupKFold
accuracy,lora_small_classification_seed2024,small,lora,0.9415,0.9404045495714137,0.0010954504285862754,2,GroupKFold
accuracy,lora_small_classification_seed42,small,lora,0.9495,0.9381035616047082,0.011396438395291808,1,GroupKFold
accuracy,lora_tiny_classification_seed13,tiny,lora,0.9163,0.9206222410488746,-0.0043222410488745755,0,GroupKFold
accuracy,lora_tiny_classification_seed2024,tiny,lora,0.9186,0.9196470683667387,-0.0010470683667387348,4,GroupKFold
accuracy,lora_tiny_classification_seed42,tiny,lora,0.9174,0.9201690708107515,-0.002769070810751506,3,GroupKFold
accuracy,qlora_large_classification_seed13,large,qlora,0.9472,0.951783485660926,-0.004583485660925923,2,GroupKFold
accuracy,qlora_large_classification_seed2024,large,qlora,0.9484,0.9512868894386469,-0.0028868894386469,1,GroupKFold
accuracy,qlora_large_classification_seed42,large,qlora,0.9495,0.9507454254748907,-0.0012454254748907045,0,GroupKFold
accuracy,qlora_medium_classification_seed13,medium,qlora,0.9438,0.9396980404338418,0.00410195956615822,4,GroupKFold
accuracy,qlora_medium_classification_seed2024,medium,qlora,0.9461,0.9400530446862482,0.006046955313751878,3,GroupKFold
accuracy,qlora_medium_classification_seed42,medium,qlora,0.9404,0.9417662927847786,-0.0013662927847786221,2,GroupKFold
accuracy,qlora_small_classification_seed13,small,qlora,0.9358,0.9331008532208822,0.002699146779117756,1,GroupKFold
accuracy,qlora_small_classification_seed2024,small,qlora,0.9358,0.9329993147852249,0.002800685214775056,0,GroupKFold
accuracy,qlora_small_classification_seed42,small,qlora,0.9427,0.9321315957832308,0.01056840421676919,4,GroupKFold
accuracy,qlora_tiny_classification_seed13,tiny,qlora,0.9025,0.9193479042325069,-0.016847904232506927,3,GroupKFold
accuracy,qlora_tiny_classification_seed2024,tiny,qlora,0.9163,0.9144227044624408,0.0018772955375592204,1,GroupKFold
accuracy,qlora_tiny_classification_seed42,tiny,qlora,0.9163,0.9144191763066729,0.0018808236933270939,0,GroupKFold
peak_gpu_memory_gb,full_ft_tiny_classification_seed13,tiny,full_ft,11.462,11.08493304210171,0.3770669578982897,0,GroupKFold
peak_gpu_memory_gb,full_ft_tiny_classification_seed2024,tiny,full_ft,11.439,11.114670507917747,0.3243294920822528,3,GroupKFold
peak_gpu_memory_gb,full_ft_tiny_classification_seed42,tiny,full_ft,11.414,11.089588064797539,0.3244119352024608,2,GroupKFold
peak_gpu_memory_gb,lisa_tiny_classification_seed13,tiny,lisa,5.143,5.250019806410197,-0.10701980641019748,0,GroupKFold
peak_gpu_memory_gb,lisa_tiny_classification_seed2024,tiny,lisa,5.54,5.0514097142968595,0.48859028570314056,4,GroupKFold
peak_gpu_memory_gb,lisa_tiny_classification_seed42,tiny,lisa,5.586,5.103705119259718,0.48229488074028204,3,GroupKFold
peak_gpu_memory_gb,lora_tiny_classification_seed13,tiny,lora,4.206,4.814328656916134,-0.6083286569161332,0,GroupKFold
peak_gpu_memory_gb,lora_tiny_classification_seed2024,tiny,lora,4.879,4.635210709741763,0.2437892902582366,4,GroupKFold
peak_gpu_memory_gb,lora_tiny_classification_seed42,tiny,lora,4.877,4.436262142600016,0.4407378573999834,3,GroupKFold
peak_gpu_memory_gb,lora_fa_tiny_classification_seed13,tiny,lora_fa,4.084,4.325156377558797,-0.2411563775587977,4,GroupKFold
peak_gpu_memory_gb,lora_fa_tiny_classification_seed2024,tiny,lora_fa,4.865,4.215272259858381,0.6497277401416195,1,GroupKFold
peak_gpu_memory_gb,lora_fa_tiny_classification_seed42,tiny,lora_fa,4.873,4.2421331973690695,0.6308668026309308,0,GroupKFold
peak_gpu_memory_gb,qlora_tiny_classification_seed13,tiny,qlora,3.64,2.670417934579355,0.9695820654206453,3,GroupKFold
peak_gpu_memory_gb,qlora_tiny_classification_seed2024,tiny,qlora,2.879,2.677035119934609,0.20196488006539104,1,GroupKFold
peak_gpu_memory_gb,qlora_tiny_classification_seed42,tiny,qlora,2.694,3.009798265130928,-0.3157982651309279,0,GroupKFold
peak_gpu_memory_gb,lisa_small_classification_seed13,small,lisa,11.223,10.889334216080732,0.33366578391926893,3,GroupKFold
peak_gpu_memory_gb,lisa_small_classification_seed2024,small,lisa,11.183,10.976129412614085,0.20687058738591446,2,GroupKFold
peak_gpu_memory_gb,lisa_small_classification_seed42,small,lisa,11.116,11.106167293251328,0.009832706748671427,1,GroupKFold
peak_gpu_memory_gb,lora_small_classification_seed13,small,lora,11.043,8.439297875803941,2.603702124196058,3,GroupKFold
peak_gpu_memory_gb,lora_small_classification_seed2024,small,lora,9.044,8.840291335253067,0.20370866474693372,2,GroupKFold
peak_gpu_memory_gb,lora_small_classification_seed42,small,lora,9.12,8.823038403589308,0.2969615964106911,1,GroupKFold
peak_gpu_memory_gb,lora_fa_small_classification_seed13,small,lora_fa,7.945,8.98624418074522,-1.0412441807452204,4,GroupKFold
peak_gpu_memory_gb,lora_fa_small_classification_seed2024,small,lora_fa,9.023,8.366684361959969,0.6563156380400308,3,GroupKFold
peak_gpu_memory_gb,lora_fa_small_classification_seed42,small,lora_fa,9.069,8.751453092497904,0.3175469075020967,2,GroupKFold
peak_gpu_memory_gb,qlora_small_classification_seed13,small,qlora,5.831,4.027345134861951,1.803654865138049,1,GroupKFold
peak_gpu_memory_gb,qlora_small_classification_seed2024,small,qlora,3.518,4.573499757298935,-1.0554997572989349,0,GroupKFold
peak_gpu_memory_gb,qlora_small_classification_seed42,small,qlora,3.493,4.1326336927459515,-0.6396336927459516,4,GroupKFold
peak_gpu_memory_gb,lisa_medium_classification_seed13,medium,lisa,14.788,15.393559184379571,-0.6055591843795707,1,GroupKFold
peak_gpu_memory_gb,lisa_medium_classification_seed2024,medium,lisa,15.866,14.841025010481811,1.0249749895181886,0,GroupKFold
peak_gpu_memory_gb,lisa_medium_classification_seed42,medium,lisa,15.896,14.843957814296445,1.0520421857035558,4,GroupKFold
peak_gpu_memory_gb,lora_medium_classification_seed2024,medium,lora,13.316,12.423159263707207,0.8928407362927935,2,GroupKFold
peak_gpu_memory_gb,lora_medium_classification_seed42,medium,lora,11.24,12.564821332088787,-1.3248213320887867,4,GroupKFold
peak_gpu_memory_gb,lora_fa_medium_classification_seed13,medium,lora_fa,10.894,12.335042221315378,-1.441042221315378,2,GroupKFold
peak_gpu_memory_gb,lora_fa_medium_classification_seed2024,medium,lora_fa,13.283,11.890977260808178,1.3920227391918214,1,GroupKFold
peak_gpu_memory_gb,lora_fa_medium_classification_seed42,medium,lora_fa,13.335,11.650335599913857,1.6846644000861435,0,GroupKFold
peak_gpu_memory_gb,qlora_medium_classification_seed13,medium,qlora,8.642,5.150447291651418,3.491552708348581,4,GroupKFold
peak_gpu_memory_gb,qlora_medium_classification_seed2024,medium,qlora,5.034,6.152540891005704,-1.1185408910057042,3,GroupKFold
peak_gpu_memory_gb,qlora_medium_classification_seed42,medium,qlora,6.653,5.787667866724318,0.8653321332756816,2,GroupKFold
peak_gpu_memory_gb,qlora_large_classification_seed13,large,qlora,7.457,7.5401051530730365,-0.08310515307303667,2,GroupKFold
peak_gpu_memory_gb,qlora_large_classification_seed2024,large,qlora,7.448,7.509266443960966,-0.06126644396096559,1,GroupKFold
peak_gpu_memory_gb,qlora_large_classification_seed42,large,qlora,7.45,7.509779357562231,-0.05977935756223118,0,GroupKFold
peak_gpu_memory_gb,full_ft_tiny_classification_seed13,tiny,full_ft,10.83,11.08493304210171,-0.25493304210171,0,GroupKFold
peak_gpu_memory_gb,full_ft_tiny_classification_seed2024,tiny,full_ft,10.742,11.114670507917747,-0.37267050791774636,3,GroupKFold
peak_gpu_memory_gb,full_ft_tiny_classification_seed42,tiny,full_ft,10.872,11.089588064797539,-0.217588064797539,2,GroupKFold
peak_gpu_memory_gb,lisa_medium_classification_seed13,medium,lisa,14.179,15.393559184379571,-1.2145591843795707,1,GroupKFold
peak_gpu_memory_gb,lisa_medium_classification_seed2024,medium,lisa,15.259,14.841025010481811,0.41797498951818923,0,GroupKFold
peak_gpu_memory_gb,lisa_medium_classification_seed42,medium,lisa,15.271,14.843957814296445,0.4270421857035558,4,GroupKFold
peak_gpu_memory_gb,lisa_small_classification_seed13,small,lisa,10.559,10.889334216080732,-0.33033421608073255,3,GroupKFold
peak_gpu_memory_gb,lisa_small_classification_seed2024,small,lisa,10.664,10.976129412614085,-0.31212941261408567,2,GroupKFold
peak_gpu_memory_gb,lisa_small_classification_seed42,small,lisa,10.519,11.106167293251328,-0.5871672932513281,1,GroupKFold
peak_gpu_memory_gb,lisa_tiny_classification_seed13,tiny,lisa,4.53,5.250019806410197,-0.720019806410197,0,GroupKFold
peak_gpu_memory_gb,lisa_tiny_classification_seed2024,tiny,lisa,4.922,5.0514097142968595,-0.12940971429685977,4,GroupKFold
peak_gpu_memory_gb,lisa_tiny_classification_seed42,tiny,lisa,4.949,5.103705119259718,-0.15470511925971842,3,GroupKFold
peak_gpu_memory_gb,lora_fa_medium_classification_seed13,medium,lora_fa,10.293,12.335042221315378,-2.042042221315379,2,GroupKFold
peak_gpu_memory_gb,lora_fa_medium_classification_seed2024,medium,lora_fa,12.677,11.890977260808178,0.7860227391918215,1,GroupKFold
peak_gpu_memory_gb,lora_fa_medium_classification_seed42,medium,lora_fa,12.74,11.650335599913857,1.0896644000861428,0,GroupKFold
peak_gpu_memory_gb,lora_fa_small_classification_seed13,small,lora_fa,7.315,8.98624418074522,-1.6712441807452203,4,GroupKFold
peak_gpu_memory_gb,lora_fa_small_classification_seed2024,small,lora_fa,8.437,8.366684361959969,0.07031563804003049,3,GroupKFold
peak_gpu_memory_gb,lora_fa_small_classification_seed42,small,lora_fa,8.481,8.751453092497904,-0.2704530924979043,2,GroupKFold
peak_gpu_memory_gb,lora_fa_tiny_classification_seed13,tiny,lora_fa,3.471,4.325156377558797,-0.8541563775587973,4,GroupKFold
peak_gpu_memory_gb,lora_fa_tiny_classification_seed2024,tiny,lora_fa,4.251,4.215272259858381,0.03572774014161961,1,GroupKFold
peak_gpu_memory_gb,lora_fa_tiny_classification_seed42,tiny,lora_fa,4.259,4.2421331973690695,0.016866802630930877,0,GroupKFold
peak_gpu_memory_gb,lora_medium_classification_seed2024,medium,lora,12.696,12.423159263707207,0.2728407362927925,2,GroupKFold
peak_gpu_memory_gb,lora_medium_classification_seed42,medium,lora,10.618,12.564821332088787,-1.9468213320887866,4,GroupKFold
peak_gpu_memory_gb,lora_small_classification_seed13,small,lora,10.423,8.439297875803941,1.9837021241960588,3,GroupKFold
peak_gpu_memory_gb,lora_small_classification_seed2024,small,lora,8.433,8.840291335253067,-0.40729133525306693,2,GroupKFold
peak_gpu_memory_gb,lora_small_classification_seed42,small,lora,8.506,8.823038403589308,-0.3170384035893079,1,GroupKFold
peak_gpu_memory_gb,lora_tiny_classification_seed13,tiny,lora,3.586,4.814328656916134,-1.2283286569161338,0,GroupKFold
peak_gpu_memory_gb,lora_tiny_classification_seed2024,tiny,lora,4.261,4.635210709741763,-0.37421070974176285,4,GroupKFold
peak_gpu_memory_gb,lora_tiny_classification_seed42,tiny,lora,4.253,4.436262142600016,-0.18326214260001628,3,GroupKFold
peak_gpu_memory_gb,qlora_large_classification_seed13,large,qlora,6.835,7.5401051530730365,-0.7051051530730366,2,GroupKFold
peak_gpu_memory_gb,qlora_large_classification_seed2024,large,qlora,6.828,7.509266443960966,-0.6812664439609657,1,GroupKFold
peak_gpu_memory_gb,qlora_large_classification_seed42,large,qlora,6.83,7.509779357562231,-0.6797793575622313,0,GroupKFold
peak_gpu_memory_gb,qlora_medium_classification_seed13,medium,qlora,8.493,5.150447291651418,3.342552708348582,4,GroupKFold
peak_gpu_memory_gb,qlora_medium_classification_seed2024,medium,qlora,4.293,6.152540891005704,-1.8595408910057039,3,GroupKFold
peak_gpu_memory_gb,qlora_medium_classification_seed42,medium,qlora,5.39,5.787667866724318,-0.3976678667243183,2,GroupKFold
peak_gpu_memory_gb,qlora_small_classification_seed13,small,qlora,5.201,4.027345134861951,1.1736548651380483,1,GroupKFold
peak_gpu_memory_gb,qlora_small_classification_seed2024,small,qlora,2.865,4.573499757298935,-1.7084997572989344,0,GroupKFold
peak_gpu_memory_gb,qlora_small_classification_seed42,small,qlora,2.84,4.1326336927459515,-1.2926336927459516,4,GroupKFold
peak_gpu_memory_gb,qlora_tiny_classification_seed13,tiny,qlora,3.02,2.670417934579355,0.3495820654206452,3,GroupKFold
peak_gpu_memory_gb,qlora_tiny_classification_seed2024,tiny,qlora,2.265,2.677035119934609,-0.41203511993460884,1,GroupKFold
peak_gpu_memory_gb,qlora_tiny_classification_seed42,tiny,qlora,2.08,3.009798265130928,-0.9297982651309278,0,GroupKFold
energy_kwh,full_ft_tiny_classification_seed13,tiny,full_ft,0.00239411,0.002357623555007333,3.648644499266692e-05,0,GroupKFold
energy_kwh,full_ft_tiny_classification_seed2024,tiny,full_ft,0.00240937,0.0023502159747856004,5.915402521439964e-05,3,GroupKFold
energy_kwh,full_ft_tiny_classification_seed42,tiny,full_ft,0.00237976,0.002364066505483902,1.5693494516097993e-05,2,GroupKFold
energy_kwh,lisa_tiny_classification_seed13,tiny,lisa,0.00124387,0.0013082766498928927,-6.440664989289268e-05,0,GroupKFold
energy_kwh,lisa_tiny_classification_seed2024,tiny,lisa,0.0012547,0.0013036455554159075,-4.8945555415907385e-05,4,GroupKFold
energy_kwh,lisa_tiny_classification_seed42,tiny,lisa,0.00127987,0.001289660092880021,-9.790092880020921e-06,3,GroupKFold
energy_kwh,lora_tiny_classification_seed13,tiny,lora,0.00115775,0.0012871737930400303,-0.00012942379304003038,0,GroupKFold
energy_kwh,lora_tiny_classification_seed2024,tiny,lora,0.0012918,0.0012513074545766074,4.0492545423392694e-05,4,GroupKFold
energy_kwh,lora_tiny_classification_seed42,tiny,lora,0.00121608,0.0012695109011730378,-5.343090117303781e-05,3,GroupKFold
energy_kwh,lora_fa_tiny_classification_seed13,tiny,lora_fa,0.0012967,0.001265889518044536,3.0810481955464075e-05,4,GroupKFold
energy_kwh,lora_fa_tiny_classification_seed2024,tiny,lora_fa,0.00129812,0.001271165808501527,2.6954191498473152e-05,1,GroupKFold
energy_kwh,lora_fa_tiny_classification_seed42,tiny,lora_fa,0.00130385,0.0012849557376996713,1.8894262300328795e-05,0,GroupKFold
energy_kwh,qlora_tiny_classification_seed13,tiny,qlora,0.00214066,0.0020892841461149655,5.13758538850345e-05,3,GroupKFold
energy_kwh,qlora_tiny_classification_seed2024,tiny,qlora,0.00216281,0.0020896212881046576,7.318871189534223e-05,1,GroupKFold
energy_kwh,qlora_tiny_classification_seed42,tiny,qlora,0.00213814,0.00209908075466341,3.905924533659016e-05,0,GroupKFold
energy_kwh,lisa_small_classification_seed13,small,lisa,0.00209492,0.0020156324190010438,7.928758099895634e-05,3,GroupKFold
energy_kwh,lisa_small_classification_seed2024,small,lisa,0.00209872,0.002022645417222061,7.607458277793895e-05,2,GroupKFold
energy_kwh,lisa_small_classification_seed42,small,lisa,0.00207034,0.002033978523674242,3.636147632575786e-05,1,GroupKFold
energy_kwh,lora_small_classification_seed13,small,lora,0.00180621,0.001738334736781031,6.787526321896898e-05,3,GroupKFold
energy_kwh,lora_small_classification_seed2024,small,lora,0.00175148,0.0017374345923027096,1.404540769729028e-05,2,GroupKFold
energy_kwh,lora_small_classification_seed42,small,lora,0.00176415,0.0017425816881362986,2.1568311863701334e-05,1,GroupKFold
energy_kwh,lora_fa_small_classification_seed13,small,lora_fa,0.00173334,0.001765569843636159,-3.2229843636158917e-05,4,GroupKFold
energy_kwh,lora_fa_small_classification_seed2024,small,lora_fa,0.00173377,0.001755178219589419,-2.1408219589419018e-05,3,GroupKFold
energy_kwh,lora_fa_small_classification_seed42,small,lora_fa,0.00172196,0.001760417706179069,-3.8457706179068985e-05,2,GroupKFold
energy_kwh,qlora_small_classification_seed13,small,qlora,0.0027257,0.002795070184330213,-6.937018433021301e-05,1,GroupKFold
energy_kwh,qlora_small_classification_seed2024,small,qlora,0.00272738,0.002798461561058251,-7.108156105825082e-05,0,GroupKFold
energy_kwh,qlora_small_classification_seed42,small,qlora,0.00269835,0.002830117181242716,-0.00013176718124271623,4,GroupKFold
energy_kwh,lisa_medium_classification_seed13,medium,lisa,0.0025163,0.002585515700997851,-6.921570099785099e-05,1,GroupKFold
energy_kwh,lisa_medium_classification_seed2024,medium,lisa,0.00253723,0.002580572067204065,-4.334206720406483e-05,0,GroupKFold
energy_kwh,lisa_medium_classification_seed42,medium,lisa,0.00252961,0.002577937757783446,-4.8327757783446154e-05,4,GroupKFold
energy_kwh,lora_medium_classification_seed2024,medium,lora,0.00220031,0.002142216973737639,5.8093026262361156e-05,2,GroupKFold
energy_kwh,lora_medium_classification_seed42,medium,lora,0.00216023,0.0021626925248170513,-2.4625248170513127e-06,4,GroupKFold
energy_kwh,lora_fa_medium_classification_seed13,medium,lora_fa,0.00222269,0.0021709954011544454,5.169459884555444e-05,2,GroupKFold
energy_kwh,lora_fa_medium_classification_seed2024,medium,lora_fa,0.00212259,0.0021948457222698906,-7.22557222698904e-05,1,GroupKFold
energy_kwh,lora_fa_medium_classification_seed42,medium,lora_fa,0.00213238,0.00217516507110464,-4.2785071104640016e-05,0,GroupKFold
energy_kwh,qlora_medium_classification_seed13,medium,qlora,0.00339605,0.003419021992137923,-2.2971992137923135e-05,4,GroupKFold
energy_kwh,qlora_medium_classification_seed2024,medium,qlora,0.00348174,0.0033972313566304584,8.450864336954174e-05,3,GroupKFold
energy_kwh,qlora_medium_classification_seed42,medium,qlora,0.00343004,0.0033812469583298864,4.879304167011364e-05,2,GroupKFold
energy_kwh,qlora_large_classification_seed13,large,qlora,0.00599847,0.005845105679786508,0.0001533643202134916,2,GroupKFold
energy_kwh,qlora_large_classification_seed2024,large,qlora,0.0060281,0.005859367554571141,0.00016873244542885916,1,GroupKFold
energy_kwh,qlora_large_classification_seed42,large,qlora,0.00601425,0.005862663501904171,0.0001515864980958289,0,GroupKFold
wall_clock_seconds,full_ft_tiny_classification_seed13,tiny,full_ft,132.28,134.63294691007772,-2.352946910077719,0,GroupKFold
wall_clock_seconds,full_ft_tiny_classification_seed2024,tiny,full_ft,132.95,134.5361850240611,-1.586185024061109,3,GroupKFold
wall_clock_seconds,full_ft_tiny_classification_seed42,tiny,full_ft,131.62,135.03971039025203,-3.419710390252021,2,GroupKFold
wall_clock_seconds,lisa_tiny_classification_seed13,tiny,lisa,69.08,77.55934277985807,-8.479342779858072,0,GroupKFold
wall_clock_seconds,lisa_tiny_classification_seed2024,tiny,lisa,69.65,77.40251267923915,-7.752512679239146,4,GroupKFold
wall_clock_seconds,lisa_tiny_classification_seed42,tiny,lisa,71.65,76.26907114871567,-4.619071148715662,3,GroupKFold
wall_clock_seconds,lora_tiny_classification_seed13,tiny,lora,108.59,110.15593018151931,-1.565930181519306,0,GroupKFold
wall_clock_seconds,lora_tiny_classification_seed2024,tiny,lora,105.65,110.26962082434706,-4.619620824347052,4,GroupKFold
wall_clock_seconds,lora_tiny_classification_seed42,tiny,lora,105.4,110.73655227750076,-5.336552277500758,3,GroupKFold
wall_clock_seconds,lora_fa_tiny_classification_seed13,tiny,lora_fa,102.81,106.19953770672402,-3.3895377067240133,4,GroupKFold
wall_clock_seconds,lora_fa_tiny_classification_seed2024,tiny,lora_fa,100.83,106.57001962320967,-5.740019623209676,1,GroupKFold
wall_clock_seconds,lora_fa_tiny_classification_seed42,tiny,lora_fa,101.96,106.1757829452235,-4.215782945223509,0,GroupKFold
wall_clock_seconds,qlora_tiny_classification_seed13,tiny,qlora,162.23,164.24159882086528,-2.011598820865288,3,GroupKFold
wall_clock_seconds,qlora_tiny_classification_seed2024,tiny,qlora,165.03,165.22917547418945,-0.19917547418944537,1,GroupKFold
wall_clock_seconds,qlora_tiny_classification_seed42,tiny,qlora,164.77,164.5156734365106,0.25432656348939986,0,GroupKFold
wall_clock_seconds,lisa_small_classification_seed13,small,lisa,116.47,109.12954677848771,7.340453221512291,3,GroupKFold
wall_clock_seconds,lisa_small_classification_seed2024,small,lisa,116.84,109.0544918758144,7.785508124185597,2,GroupKFold
wall_clock_seconds,lisa_small_classification_seed42,small,lisa,115.98,110.14516341873542,5.834836581264582,1,GroupKFold
wall_clock_seconds,lora_small_classification_seed13,small,lora,103.56,107.73510311353192,-4.175103113531918,3,GroupKFold
wall_clock_seconds,lora_small_classification_seed2024,small,lora,99.52,108.2244730503618,-8.704473050361798,2,GroupKFold
wall_clock_seconds,lora_small_classification_seed42,small,lora,100.16,108.53374952312245,-8.373749523122456,1,GroupKFold
wall_clock_seconds,lora_fa_small_classification_seed13,small,lora_fa,98.22,104.02203147164428,-5.802031471644284,4,GroupKFold
wall_clock_seconds,lora_fa_small_classification_seed2024,small,lora_fa,98.55,103.82264767475493,-5.272647674754936,3,GroupKFold
wall_clock_seconds,lora_fa_small_classification_seed42,small,lora_fa,97.77,103.92619267481365,-6.156192674813653,2,GroupKFold
wall_clock_seconds,qlora_small_classification_seed13,small,qlora,153.22,167.5443498088041,-14.3243498088041,1,GroupKFold
wall_clock_seconds,qlora_small_classification_seed2024,small,qlora,154.39,167.36062165910627,-12.970621659106286,0,GroupKFold
wall_clock_seconds,qlora_small_classification_seed42,small,qlora,152.61,169.80319801104358,-17.193198011043563,4,GroupKFold
wall_clock_seconds,lisa_medium_classification_seed13,medium,lisa,139.68,146.63718089283103,-6.957180892831019,1,GroupKFold
wall_clock_seconds,lisa_medium_classification_seed2024,medium,lisa,141.3,146.6938591440818,-5.393859144081802,0,GroupKFold
wall_clock_seconds,lisa_medium_classification_seed42,medium,lisa,140.82,146.98617014525158,-6.166170145251584,4,GroupKFold
wall_clock_seconds,lora_medium_classification_seed2024,medium,lora,125.38,129.77380989100428,-4.393809891004281,2,GroupKFold
wall_clock_seconds,lora_medium_classification_seed42,medium,lora,125.43,129.69603771407867,-4.266037714078664,4,GroupKFold
wall_clock_seconds,lora_fa_medium_classification_seed13,medium,lora_fa,122.02,124.675331069369,-2.655331069368998,2,GroupKFold
wall_clock_seconds,lora_fa_medium_classification_seed2024,medium,lora_fa,122.44,124.56981456042915,-2.1298145604291534,1,GroupKFold
wall_clock_seconds,lora_fa_medium_classification_seed42,medium,lora_fa,121.64,124.59732072238623,-2.9573207223862283,0,GroupKFold
wall_clock_seconds,qlora_medium_classification_seed13,medium,qlora,191.64,208.78176979376684,-17.141769793766855,4,GroupKFold
wall_clock_seconds,qlora_medium_classification_seed2024,medium,qlora,195.61,206.813657678702,-11.203657678701973,3,GroupKFold
wall_clock_seconds,qlora_medium_classification_seed42,medium,qlora,193.62,205.85150945235404,-12.231509452354032,2,GroupKFold
wall_clock_seconds,qlora_large_classification_seed13,large,qlora,332.38,321.64005181015574,10.739948189844256,2,GroupKFold
wall_clock_seconds,qlora_large_classification_seed2024,large,qlora,335.11,320.6889342125226,14.421065787477403,1,GroupKFold
wall_clock_seconds,qlora_large_classification_seed42,large,qlora,332.2,322.4357456935019,9.764254306498117,0,GroupKFold
wall_clock_seconds,full_ft_tiny_classification_seed13,tiny,full_ft,139.55,134.63294691007772,4.917053089922291,0,GroupKFold
wall_clock_seconds,full_ft_tiny_classification_seed2024,tiny,full_ft,139.2,134.5361850240611,4.663814975938891,3,GroupKFold
wall_clock_seconds,full_ft_tiny_classification_seed42,tiny,full_ft,138.46,135.03971039025203,3.4202896097479822,2,GroupKFold
wall_clock_seconds,lisa_medium_classification_seed13,medium,lisa,140.41,146.63718089283103,-6.227180892831029,1,GroupKFold
wall_clock_seconds,lisa_medium_classification_seed2024,medium,lisa,141.68,146.6938591440818,-5.013859144081806,0,GroupKFold
wall_clock_seconds,lisa_medium_classification_seed42,medium,lisa,141.83,146.98617014525158,-5.156170145251565,4,GroupKFold
wall_clock_seconds,lisa_small_classification_seed13,small,lisa,117.64,109.12954677848771,8.510453221512293,3,GroupKFold
wall_clock_seconds,lisa_small_classification_seed2024,small,lisa,117.78,109.0544918758144,8.725508124185595,2,GroupKFold
wall_clock_seconds,lisa_small_classification_seed42,small,lisa,116.82,110.14516341873542,6.674836581264572,1,GroupKFold
wall_clock_seconds,lisa_tiny_classification_seed13,tiny,lisa,76.48,77.55934277985807,-1.0793427798580666,0,GroupKFold
wall_clock_seconds,lisa_tiny_classification_seed2024,tiny,lisa,77.23,77.40251267923915,-0.17251267923914781,4,GroupKFold
wall_clock_seconds,lisa_tiny_classification_seed42,tiny,lisa,78.92,76.26907114871567,2.650928851284334,3,GroupKFold
wall_clock_seconds,lora_fa_medium_classification_seed13,medium,lora_fa,130.71,124.675331069369,6.034668930631014,2,GroupKFold
wall_clock_seconds,lora_fa_medium_classification_seed2024,medium,lora_fa,126.74,124.56981456042915,2.1701854395708438,1,GroupKFold
wall_clock_seconds,lora_fa_medium_classification_seed42,medium,lora_fa,127.18,124.59732072238623,2.582679277613778,0,GroupKFold
wall_clock_seconds,lora_fa_small_classification_seed13,small,lora_fa,107.05,104.02203147164428,3.0279685283557143,4,GroupKFold
wall_clock_seconds,lora_fa_small_classification_seed2024,small,lora_fa,106.48,103.82264767475493,2.6573523252450713,3,GroupKFold
wall_clock_seconds,lora_fa_small_classification_seed42,small,lora_fa,106.08,103.92619267481365,2.1538073251863494,2,GroupKFold
wall_clock_seconds,lora_fa_tiny_classification_seed13,tiny,lora_fa,114.46,106.19953770672402,8.260462293275978,4,GroupKFold
wall_clock_seconds,lora_fa_tiny_classification_seed2024,tiny,lora_fa,113.42,106.57001962320967,6.849980376790327,1,GroupKFold
wall_clock_seconds,lora_fa_tiny_classification_seed42,tiny,lora_fa,113.4,106.1757829452235,7.224217054776503,0,GroupKFold
wall_clock_seconds,lora_medium_classification_seed2024,medium,lora,135.7,129.77380989100428,5.926190108995712,2,GroupKFold
wall_clock_seconds,lora_medium_classification_seed42,medium,lora,134.35,129.69603771407867,4.653962285921324,4,GroupKFold
wall_clock_seconds,lora_small_classification_seed13,small,lora,113.16,107.73510311353192,5.424896886468076,3,GroupKFold
wall_clock_seconds,lora_small_classification_seed2024,small,lora,112.82,108.2244730503618,4.595526949638199,2,GroupKFold
wall_clock_seconds,lora_small_classification_seed42,small,lora,112.54,108.53374952312245,4.006250476877554,1,GroupKFold
wall_clock_seconds,lora_tiny_classification_seed13,tiny,lora,117.8,110.15593018151931,7.644069818480688,0,GroupKFold
wall_clock_seconds,lora_tiny_classification_seed2024,tiny,lora,119.01,110.26962082434706,8.740379175652947,4,GroupKFold
wall_clock_seconds,lora_tiny_classification_seed42,tiny,lora,118.03,110.73655227750076,7.293447722499238,3,GroupKFold
wall_clock_seconds,qlora_large_classification_seed13,large,qlora,337.85,321.64005181015574,16.209948189844283,2,GroupKFold
wall_clock_seconds,qlora_large_classification_seed2024,large,qlora,340.52,320.6889342125226,19.83106578747737,1,GroupKFold
wall_clock_seconds,qlora_large_classification_seed42,large,qlora,338.46,322.4357456935019,16.024254306498108,0,GroupKFold
wall_clock_seconds,qlora_medium_classification_seed13,medium,qlora,205.78,208.78176979376684,-3.00176979376684,4,GroupKFold
wall_clock_seconds,qlora_medium_classification_seed2024,medium,qlora,209.27,206.813657678702,2.456342321298024,3,GroupKFold
wall_clock_seconds,qlora_medium_classification_seed42,medium,qlora,205.86,205.85150945235404,0.008490547645976676,2,GroupKFold
wall_clock_seconds,qlora_small_classification_seed13,small,qlora,169.37,167.5443498088041,1.8256501911959049,1,GroupKFold
wall_clock_seconds,qlora_small_classification_seed2024,small,qlora,170.88,167.36062165910627,3.5193783408937236,0,GroupKFold
wall_clock_seconds,qlora_small_classification_seed42,small,qlora,169.58,169.80319801104358,-0.2231980110435643,4,GroupKFold
wall_clock_seconds,qlora_tiny_classification_seed13,tiny,qlora,180.09,164.24159882086528,15.848401179134726,3,GroupKFold
wall_clock_seconds,qlora_tiny_classification_seed2024,tiny,qlora,178.23,165.22917547418945,13.000824525810543,1,GroupKFold
wall_clock_seconds,qlora_tiny_classification_seed42,tiny,qlora,180.89,164.5156734365106,16.374326563489376,0,GroupKFold
